company_id,news_title,news_source,sentiment,publish_date,url
1,上海市智联科技有限公司（示例0001）主营业务持续增长,证券时报,positive,2025-05-20,https://demo.enterprise-risk.local/news/1/1
1,上海市智联科技有限公司（示例0001）签署重点合作项目,财联社,positive,2024-11-02,https://demo.enterprise-risk.local/news/1/2
2,青岛市华辰科技有限公司（示例0002）发布年度增长计划,证券时报,positive,2024-09-02,https://demo.enterprise-risk.local/news/2/1
2,青岛市华辰科技有限公司（示例0002）完成新一轮融资,证券时报,neutral,2026-02-04,https://demo.enterprise-risk.local/news/2/2
2,青岛市华辰科技有限公司（示例0002）完成新一轮融资,中国经营报,positive,2026-01-11,https://demo.enterprise-risk.local/news/2/3
3,青岛市博远制造有限公司（示例0003）完成新一轮融资,澎湃新闻,positive,2026-04-21,https://demo.enterprise-risk.local/news/3/1
3,青岛市博远制造有限公司（示例0003）主营业务持续增长,财联社,neutral,2026-03-27,https://demo.enterprise-risk.local/news/3/2
3,青岛市博远制造有限公司（示例0003）发布年度增长计划,证券时报,neutral,2025-11-25,https://demo.enterprise-risk.local/news/3/3
3,青岛市博远制造有限公司（示例0003）签署重点合作项目,证券时报,neutral,2026-03-22,https://demo.enterprise-risk.local/news/3/4
4,成都市智联制造有限公司（示例0004）主营业务持续增长,中国经营报,neutral,2025-01-29,https://demo.enterprise-risk.local/news/4/1
4,成都市智联制造有限公司（示例0004）签署重点合作项目,证券时报,positive,2026-06-28,https://demo.enterprise-risk.local/news/4/2
4,成都市智联制造有限公司（示例0004）因合同纠纷被起诉,证券时报,negative,2026-04-30,https://demo.enterprise-risk.local/news/4/3
5,南京市安信信息技术有限公司（示例0005）经营波动引发市场关注,中国经营报,negative,2025-07-26,https://demo.enterprise-risk.local/news/5/1
5,南京市安信信息技术有限公司（示例0005）供应链回款压力上升,财联社,negative,2025-11-13,https://demo.enterprise-risk.local/news/5/2
5,南京市安信信息技术有限公司（示例0005）完成新一轮融资,中国经营报,neutral,2024-09-29,https://demo.enterprise-risk.local/news/5/3
6,上海市嘉禾信息技术有限公司（示例0006）主营业务持续增长,每日经济新闻,neutral,2026-05-03,https://demo.enterprise-risk.local/news/6/1
7,济南市中科供应链有限公司（示例0007）签署重点合作项目,中国经营报,positive,2025-08-26,https://demo.enterprise-risk.local/news/7/1
7,济南市中科供应链有限公司（示例0007）签署重点合作项目,证券时报,neutral,2026-06-02,https://demo.enterprise-risk.local/news/7/2
7,济南市中科供应链有限公司（示例0007）发布年度增长计划,澎湃新闻,positive,2026-02-02,https://demo.enterprise-risk.local/news/7/3
8,宜昌市恒泰供应链有限公司（示例0008）主营业务持续增长,证券时报,neutral,2026-04-07,https://demo.enterprise-risk.local/news/8/1
8,宜昌市恒泰供应链有限公司（示例0008）收到行政处罚决定书,财联社,negative,2026-08-04,https://demo.enterprise-risk.local/news/8/2
8,宜昌市恒泰供应链有限公司（示例0008）供应链回款压力上升,财联社,negative,2025-08-23,https://demo.enterprise-risk.local/news/8/3
8,宜昌市恒泰供应链有限公司（示例0008）主营业务持续增长,中国经营报,positive,2026-06-16,https://demo.enterprise-risk.local/news/8/4
9,无锡市联盛信息技术有限公司（示例0009）供应链回款压力上升,证券时报,negative,2025-02-11,https://demo.enterprise-risk.local/news/9/1
10,佛山市恒泰制造有限公司（示例0010）因合同纠纷被起诉,中国经营报,negative,2026-07-27,https://demo.enterprise-risk.local/news/10/1
11,青岛市华辰制造有限公司（示例0011）签署重点合作项目,澎湃新闻,neutral,2025-11-28,https://demo.enterprise-risk.local/news/11/1
12,苏州市博远信息技术有限公司（示例0012）收到行政处罚决定书,证券时报,negative,2026-03-30,https://demo.enterprise-risk.local/news/12/1
12,苏州市博远信息技术有限公司（示例0012）完成新一轮融资,澎湃新闻,neutral,2026-04-21,https://demo.enterprise-risk.local/news/12/2
12,苏州市博远信息技术有限公司（示例0012）因合同纠纷被起诉,中国经营报,negative,2026-03-11,https://demo.enterprise-risk.local/news/12/3
13,武汉市华辰科技有限公司（示例0013）主营业务持续增长,证券时报,neutral,2024-12-27,https://demo.enterprise-risk.local/news/13/1
13,武汉市华辰科技有限公司（示例0013）经营波动引发市场关注,证券时报,negative,2026-08-02,https://demo.enterprise-risk.local/news/13/2
13,武汉市华辰科技有限公司（示例0013）签署重点合作项目,澎湃新闻,positive,2024-09-19,https://demo.enterprise-risk.local/news/13/3
13,武汉市华辰科技有限公司（示例0013）供应链回款压力上升,证券时报,negative,2025-10-07,https://demo.enterprise-risk.local/news/13/4
14,杭州市嘉禾科技有限公司（示例0014）签署重点合作项目,澎湃新闻,positive,2024-12-19,https://demo.enterprise-risk.local/news/14/1
14,杭州市嘉禾科技有限公司（示例0014）因合同纠纷被起诉,每日经济新闻,negative,2025-01-20,https://demo.enterprise-risk.local/news/14/2
14,杭州市嘉禾科技有限公司（示例0014）主营业务持续增长,中国经营报,positive,2026-07-22,https://demo.enterprise-risk.local/news/14/3
14,杭州市嘉禾科技有限公司（示例0014）主营业务持续增长,每日经济新闻,neutral,2024-12-29,https://demo.enterprise-risk.local/news/14/4
15,绵阳市智联供应链有限公司（示例0015）经营波动引发市场关注,中国经营报,negative,2026-07-14,https://demo.enterprise-risk.local/news/15/1
15,绵阳市智联供应链有限公司（示例0015）发布年度增长计划,澎湃新闻,neutral,2025-01-07,https://demo.enterprise-risk.local/news/15/2
15,绵阳市智联供应链有限公司（示例0015）完成新一轮融资,财联社,neutral,2024-10-31,https://demo.enterprise-risk.local/news/15/3
15,绵阳市智联供应链有限公司（示例0015）主营业务持续增长,每日经济新闻,positive,2026-05-19,https://demo.enterprise-risk.local/news/15/4
16,上海市远航制造有限公司（示例0016）签署重点合作项目,澎湃新闻,neutral,2025-10-02,https://demo.enterprise-risk.local/news/16/1
16,上海市远航制造有限公司（示例0016）完成新一轮融资,中国经营报,neutral,2024-10-10,https://demo.enterprise-risk.local/news/16/2
16,上海市远航制造有限公司（示例0016）主营业务持续增长,澎湃新闻,positive,2025-01-24,https://demo.enterprise-risk.local/news/16/3
17,武汉市博远科技有限公司（示例0017）因合同纠纷被起诉,澎湃新闻,negative,2025-06-21,https://demo.enterprise-risk.local/news/17/1
17,武汉市博远科技有限公司（示例0017）收到行政处罚决定书,证券时报,negative,2026-03-12,https://demo.enterprise-risk.local/news/17/2
18,北京市联盛信息技术有限公司（示例0018）经营波动引发市场关注,证券时报,negative,2025-05-20,https://demo.enterprise-risk.local/news/18/1
18,北京市联盛信息技术有限公司（示例0018）发布年度增长计划,澎湃新闻,positive,2026-02-17,https://demo.enterprise-risk.local/news/18/2
19,深圳市智联供应链有限公司（示例0019）收到行政处罚决定书,证券时报,negative,2025-01-26,https://demo.enterprise-risk.local/news/19/1
19,深圳市智联供应链有限公司（示例0019）主营业务持续增长,澎湃新闻,neutral,2026-05-06,https://demo.enterprise-risk.local/news/19/2
19,深圳市智联供应链有限公司（示例0019）完成新一轮融资,财联社,positive,2025-10-13,https://demo.enterprise-risk.local/news/19/3
19,深圳市智联供应链有限公司（示例0019）收到行政处罚决定书,每日经济新闻,negative,2025-12-08,https://demo.enterprise-risk.local/news/19/4
20,上海市中科供应链有限公司（示例0020）签署重点合作项目,证券时报,neutral,2026-01-07,https://demo.enterprise-risk.local/news/20/1
20,上海市中科供应链有限公司（示例0020）完成新一轮融资,澎湃新闻,neutral,2025-01-14,https://demo.enterprise-risk.local/news/20/2
20,上海市中科供应链有限公司（示例0020）收到行政处罚决定书,每日经济新闻,negative,2026-07-14,https://demo.enterprise-risk.local/news/20/3
20,上海市中科供应链有限公司（示例0020）签署重点合作项目,证券时报,positive,2025-01-08,https://demo.enterprise-risk.local/news/20/4
21,宁波市远航供应链有限公司（示例0021）经营波动引发市场关注,每日经济新闻,negative,2025-08-27,https://demo.enterprise-risk.local/news/21/1
21,宁波市远航供应链有限公司（示例0021）发布年度增长计划,中国经营报,neutral,2025-10-21,https://demo.enterprise-risk.local/news/21/2
22,宜昌市博远制造有限公司（示例0022）发布年度增长计划,澎湃新闻,positive,2025-03-21,https://demo.enterprise-risk.local/news/22/1
23,宜昌市远航制造有限公司（示例0023）发布年度增长计划,证券时报,positive,2026-06-30,https://demo.enterprise-risk.local/news/23/1
24,南京市中科科技有限公司（示例0024）主营业务持续增长,澎湃新闻,neutral,2025-11-29,https://demo.enterprise-risk.local/news/24/1
24,南京市中科科技有限公司（示例0024）完成新一轮融资,中国经营报,neutral,2025-04-08,https://demo.enterprise-risk.local/news/24/2
25,广州市远航制造有限公司（示例0025）完成新一轮融资,中国经营报,neutral,2025-01-21,https://demo.enterprise-risk.local/news/25/1
25,广州市远航制造有限公司（示例0025）签署重点合作项目,财联社,positive,2025-07-31,https://demo.enterprise-risk.local/news/25/2
26,无锡市中科制造有限公司（示例0026）签署重点合作项目,澎湃新闻,positive,2025-07-16,https://demo.enterprise-risk.local/news/26/1
26,无锡市中科制造有限公司（示例0026）完成新一轮融资,每日经济新闻,positive,2025-03-19,https://demo.enterprise-risk.local/news/26/2
26,无锡市中科制造有限公司（示例0026）完成新一轮融资,每日经济新闻,neutral,2026-05-21,https://demo.enterprise-risk.local/news/26/3
27,上海市启明科技有限公司（示例0027）主营业务持续增长,中国经营报,neutral,2026-07-18,https://demo.enterprise-risk.local/news/27/1
28,无锡市联盛制造有限公司（示例0028）签署重点合作项目,中国经营报,positive,2024-09-03,https://demo.enterprise-risk.local/news/28/1
28,无锡市联盛制造有限公司（示例0028）收到行政处罚决定书,中国经营报,negative,2024-12-20,https://demo.enterprise-risk.local/news/28/2
28,无锡市联盛制造有限公司（示例0028）发布年度增长计划,财联社,neutral,2025-10-17,https://demo.enterprise-risk.local/news/28/3
29,苏州市华辰科技有限公司（示例0029）完成新一轮融资,澎湃新闻,neutral,2025-06-07,https://demo.enterprise-risk.local/news/29/1
29,苏州市华辰科技有限公司（示例0029）主营业务持续增长,财联社,positive,2026-01-13,https://demo.enterprise-risk.local/news/29/2
29,苏州市华辰科技有限公司（示例0029）签署重点合作项目,财联社,neutral,2024-12-13,https://demo.enterprise-risk.local/news/29/3
29,苏州市华辰科技有限公司（示例0029）发布年度增长计划,财联社,neutral,2025-02-26,https://demo.enterprise-risk.local/news/29/4
30,绵阳市嘉禾科技有限公司（示例0030）因合同纠纷被起诉,中国经营报,negative,2025-02-24,https://demo.enterprise-risk.local/news/30/1
30,绵阳市嘉禾科技有限公司（示例0030）完成新一轮融资,证券时报,neutral,2026-07-01,https://demo.enterprise-risk.local/news/30/2
31,上海市联盛信息技术有限公司（示例0031）签署重点合作项目,证券时报,positive,2024-08-14,https://demo.enterprise-risk.local/news/31/1
32,无锡市联盛科技有限公司（示例0032）主营业务持续增长,每日经济新闻,positive,2024-11-02,https://demo.enterprise-risk.local/news/32/1
33,成都市华辰科技有限公司（示例0033）主营业务持续增长,财联社,neutral,2025-11-17,https://demo.enterprise-risk.local/news/33/1
34,南京市嘉禾供应链有限公司（示例0034）主营业务持续增长,每日经济新闻,neutral,2024-09-24,https://demo.enterprise-risk.local/news/34/1
35,杭州市智联科技有限公司（示例0035）完成新一轮融资,中国经营报,neutral,2025-06-01,https://demo.enterprise-risk.local/news/35/1
35,杭州市智联科技有限公司（示例0035）收到行政处罚决定书,中国经营报,negative,2025-02-15,https://demo.enterprise-risk.local/news/35/2
35,杭州市智联科技有限公司（示例0035）完成新一轮融资,每日经济新闻,neutral,2024-12-03,https://demo.enterprise-risk.local/news/35/3
35,杭州市智联科技有限公司（示例0035）完成新一轮融资,每日经济新闻,positive,2026-01-18,https://demo.enterprise-risk.local/news/35/4
36,杭州市联盛信息技术有限公司（示例0036）主营业务持续增长,财联社,neutral,2025-03-15,https://demo.enterprise-risk.local/news/36/1
36,杭州市联盛信息技术有限公司（示例0036）收到行政处罚决定书,每日经济新闻,negative,2025-01-25,https://demo.enterprise-risk.local/news/36/2
36,杭州市联盛信息技术有限公司（示例0036）主营业务持续增长,证券时报,positive,2024-08-20,https://demo.enterprise-risk.local/news/36/3
37,广州市联盛制造有限公司（示例0037）完成新一轮融资,澎湃新闻,neutral,2024-11-26,https://demo.enterprise-risk.local/news/37/1
37,广州市联盛制造有限公司（示例0037）因合同纠纷被起诉,证券时报,negative,2025-03-11,https://demo.enterprise-risk.local/news/37/2
38,宁波市中科供应链有限公司（示例0038）主营业务持续增长,每日经济新闻,neutral,2026-05-16,https://demo.enterprise-risk.local/news/38/1
38,宁波市中科供应链有限公司（示例0038）发布年度增长计划,财联社,neutral,2024-11-30,https://demo.enterprise-risk.local/news/38/2
38,宁波市中科供应链有限公司（示例0038）完成新一轮融资,中国经营报,neutral,2024-08-31,https://demo.enterprise-risk.local/news/38/3
39,苏州市安信制造有限公司（示例0039）完成新一轮融资,中国经营报,neutral,2026-03-25,https://demo.enterprise-risk.local/news/39/1
40,南京市博远供应链有限公司（示例0040）发布年度增长计划,每日经济新闻,positive,2025-02-05,https://demo.enterprise-risk.local/news/40/1
40,南京市博远供应链有限公司（示例0040）供应链回款压力上升,澎湃新闻,negative,2025-01-09,https://demo.enterprise-risk.local/news/40/2
41,武汉市启明制造有限公司（示例0041）发布年度增长计划,每日经济新闻,positive,2024-11-21,https://demo.enterprise-risk.local/news/41/1
41,武汉市启明制造有限公司（示例0041）因合同纠纷被起诉,中国经营报,negative,2026-03-29,https://demo.enterprise-risk.local/news/41/2
42,北京市联盛科技有限公司（示例0042）收到行政处罚决定书,澎湃新闻,negative,2024-12-14,https://demo.enterprise-risk.local/news/42/1
42,北京市联盛科技有限公司（示例0042）签署重点合作项目,财联社,neutral,2024-09-24,https://demo.enterprise-risk.local/news/42/2
43,广州市远航信息技术有限公司（示例0043）发布年度增长计划,财联社,positive,2026-07-12,https://demo.enterprise-risk.local/news/43/1
44,杭州市联盛制造有限公司（示例0044）发布年度增长计划,中国经营报,positive,2025-06-04,https://demo.enterprise-risk.local/news/44/1
44,杭州市联盛制造有限公司（示例0044）供应链回款压力上升,澎湃新闻,negative,2026-06-15,https://demo.enterprise-risk.local/news/44/2
44,杭州市联盛制造有限公司（示例0044）经营波动引发市场关注,证券时报,negative,2025-12-14,https://demo.enterprise-risk.local/news/44/3
44,杭州市联盛制造有限公司（示例0044）主营业务持续增长,财联社,positive,2025-07-21,https://demo.enterprise-risk.local/news/44/4
45,青岛市智联供应链有限公司（示例0045）供应链回款压力上升,财联社,negative,2025-04-10,https://demo.enterprise-risk.local/news/45/1
45,青岛市智联供应链有限公司（示例0045）签署重点合作项目,每日经济新闻,neutral,2024-09-30,https://demo.enterprise-risk.local/news/45/2
45,青岛市智联供应链有限公司（示例0045）收到行政处罚决定书,中国经营报,negative,2025-08-25,https://demo.enterprise-risk.local/news/45/3
46,上海市启明制造有限公司（示例0046）发布年度增长计划,中国经营报,neutral,2024-11-19,https://demo.enterprise-risk.local/news/46/1
46,上海市启明制造有限公司（示例0046）签署重点合作项目,每日经济新闻,positive,2025-03-12,https://demo.enterprise-risk.local/news/46/2
46,上海市启明制造有限公司（示例0046）完成新一轮融资,澎湃新闻,neutral,2026-04-17,https://demo.enterprise-risk.local/news/46/3
47,上海市启明科技有限公司（示例0047）发布年度增长计划,证券时报,positive,2026-01-27,https://demo.enterprise-risk.local/news/47/1
47,上海市启明科技有限公司（示例0047）主营业务持续增长,证券时报,neutral,2025-11-19,https://demo.enterprise-risk.local/news/47/2
48,济南市智联供应链有限公司（示例0048）签署重点合作项目,中国经营报,positive,2026-01-31,https://demo.enterprise-risk.local/news/48/1
49,上海市联盛供应链有限公司（示例0049）经营波动引发市场关注,证券时报,negative,2025-01-25,https://demo.enterprise-risk.local/news/49/1
49,上海市联盛供应链有限公司（示例0049）完成新一轮融资,澎湃新闻,neutral,2025-03-23,https://demo.enterprise-risk.local/news/49/2
49,上海市联盛供应链有限公司（示例0049）主营业务持续增长,澎湃新闻,neutral,2026-04-05,https://demo.enterprise-risk.local/news/49/3
50,青岛市远航供应链有限公司（示例0050）经营波动引发市场关注,中国经营报,negative,2025-02-13,https://demo.enterprise-risk.local/news/50/1
50,青岛市远航供应链有限公司（示例0050）完成新一轮融资,每日经济新闻,positive,2026-01-09,https://demo.enterprise-risk.local/news/50/2
50,青岛市远航供应链有限公司（示例0050）主营业务持续增长,每日经济新闻,neutral,2025-02-28,https://demo.enterprise-risk.local/news/50/3
51,宜昌市远航信息技术有限公司（示例0051）完成新一轮融资,证券时报,neutral,2026-07-20,https://demo.enterprise-risk.local/news/51/1
51,宜昌市远航信息技术有限公司（示例0051）完成新一轮融资,证券时报,neutral,2025-09-04,https://demo.enterprise-risk.local/news/51/2
51,宜昌市远航信息技术有限公司（示例0051）供应链回款压力上升,澎湃新闻,negative,2026-07-08,https://demo.enterprise-risk.local/news/51/3
52,上海市恒泰制造有限公司（示例0052）发布年度增长计划,证券时报,neutral,2025-01-15,https://demo.enterprise-risk.local/news/52/1
52,上海市恒泰制造有限公司（示例0052）签署重点合作项目,澎湃新闻,neutral,2025-09-21,https://demo.enterprise-risk.local/news/52/2
53,上海市嘉禾信息技术有限公司（示例0053）主营业务持续增长,证券时报,neutral,2025-03-30,https://demo.enterprise-risk.local/news/53/1
53,上海市嘉禾信息技术有限公司（示例0053）发布年度增长计划,澎湃新闻,positive,2026-01-20,https://demo.enterprise-risk.local/news/53/2
53,上海市嘉禾信息技术有限公司（示例0053）主营业务持续增长,中国经营报,positive,2025-12-19,https://demo.enterprise-risk.local/news/53/3
54,成都市智联供应链有限公司（示例0054）主营业务持续增长,证券时报,positive,2024-08-05,https://demo.enterprise-risk.local/news/54/1
54,成都市智联供应链有限公司（示例0054）供应链回款压力上升,证券时报,negative,2024-09-12,https://demo.enterprise-risk.local/news/54/2
55,北京市联盛供应链有限公司（示例0055）完成新一轮融资,每日经济新闻,neutral,2024-08-30,https://demo.enterprise-risk.local/news/55/1
55,北京市联盛供应链有限公司（示例0055）完成新一轮融资,财联社,neutral,2025-07-20,https://demo.enterprise-risk.local/news/55/2
55,北京市联盛供应链有限公司（示例0055）签署重点合作项目,澎湃新闻,positive,2026-03-12,https://demo.enterprise-risk.local/news/55/3
55,北京市联盛供应链有限公司（示例0055）发布年度增长计划,财联社,positive,2026-01-19,https://demo.enterprise-risk.local/news/55/4
56,青岛市华辰科技有限公司（示例0056）主营业务持续增长,财联社,positive,2025-03-04,https://demo.enterprise-risk.local/news/56/1
56,青岛市华辰科技有限公司（示例0056）供应链回款压力上升,澎湃新闻,negative,2025-01-11,https://demo.enterprise-risk.local/news/56/2
57,宁波市联盛制造有限公司（示例0057）完成新一轮融资,每日经济新闻,positive,2024-12-20,https://demo.enterprise-risk.local/news/57/1
57,宁波市联盛制造有限公司（示例0057）发布年度增长计划,中国经营报,positive,2026-07-13,https://demo.enterprise-risk.local/news/57/2
58,上海市中科信息技术有限公司（示例0058）签署重点合作项目,中国经营报,neutral,2025-12-25,https://demo.enterprise-risk.local/news/58/1
58,上海市中科信息技术有限公司（示例0058）经营波动引发市场关注,财联社,negative,2026-05-24,https://demo.enterprise-risk.local/news/58/2
58,上海市中科信息技术有限公司（示例0058）发布年度增长计划,澎湃新闻,positive,2025-01-24,https://demo.enterprise-risk.local/news/58/3
59,武汉市华辰制造有限公司（示例0059）签署重点合作项目,每日经济新闻,positive,2026-03-10,https://demo.enterprise-risk.local/news/59/1
59,武汉市华辰制造有限公司（示例0059）收到行政处罚决定书,财联社,negative,2026-02-24,https://demo.enterprise-risk.local/news/59/2
60,青岛市安信制造有限公司（示例0060）完成新一轮融资,每日经济新闻,neutral,2026-03-07,https://demo.enterprise-risk.local/news/60/1
60,青岛市安信制造有限公司（示例0060）签署重点合作项目,证券时报,neutral,2025-04-30,https://demo.enterprise-risk.local/news/60/2
60,青岛市安信制造有限公司（示例0060）发布年度增长计划,澎湃新闻,positive,2025-04-18,https://demo.enterprise-risk.local/news/60/3
60,青岛市安信制造有限公司（示例0060）因合同纠纷被起诉,澎湃新闻,negative,2025-06-07,https://demo.enterprise-risk.local/news/60/4
61,北京市华辰信息技术有限公司（示例0061）发布年度增长计划,中国经营报,positive,2025-01-23,https://demo.enterprise-risk.local/news/61/1
61,北京市华辰信息技术有限公司（示例0061）主营业务持续增长,证券时报,neutral,2024-08-28,https://demo.enterprise-risk.local/news/61/2
61,北京市华辰信息技术有限公司（示例0061）供应链回款压力上升,澎湃新闻,negative,2025-05-29,https://demo.enterprise-risk.local/news/61/3
62,宜昌市嘉禾科技有限公司（示例0062）因合同纠纷被起诉,中国经营报,negative,2024-11-29,https://demo.enterprise-risk.local/news/62/1
62,宜昌市嘉禾科技有限公司（示例0062）签署重点合作项目,财联社,positive,2026-05-17,https://demo.enterprise-risk.local/news/62/2
62,宜昌市嘉禾科技有限公司（示例0062）经营波动引发市场关注,每日经济新闻,negative,2026-04-11,https://demo.enterprise-risk.local/news/62/3
62,宜昌市嘉禾科技有限公司（示例0062）完成新一轮融资,证券时报,positive,2024-12-12,https://demo.enterprise-risk.local/news/62/4
63,苏州市启明制造有限公司（示例0063）主营业务持续增长,每日经济新闻,positive,2025-02-24,https://demo.enterprise-risk.local/news/63/1
64,东莞市智联信息技术有限公司（示例0064）因合同纠纷被起诉,每日经济新闻,negative,2025-01-06,https://demo.enterprise-risk.local/news/64/1
64,东莞市智联信息技术有限公司（示例0064）完成新一轮融资,财联社,neutral,2026-04-02,https://demo.enterprise-risk.local/news/64/2
65,深圳市恒泰供应链有限公司（示例0065）主营业务持续增长,财联社,neutral,2025-10-26,https://demo.enterprise-risk.local/news/65/1
66,杭州市智联供应链有限公司（示例0066）发布年度增长计划,财联社,positive,2025-08-22,https://demo.enterprise-risk.local/news/66/1
66,杭州市智联供应链有限公司（示例0066）发布年度增长计划,每日经济新闻,positive,2025-03-07,https://demo.enterprise-risk.local/news/66/2
67,北京市远航供应链有限公司（示例0067）因合同纠纷被起诉,财联社,negative,2026-04-19,https://demo.enterprise-risk.local/news/67/1
67,北京市远航供应链有限公司（示例0067）供应链回款压力上升,每日经济新闻,negative,2026-03-05,https://demo.enterprise-risk.local/news/67/2
68,北京市博远信息技术有限公司（示例0068）完成新一轮融资,每日经济新闻,neutral,2024-11-02,https://demo.enterprise-risk.local/news/68/1
69,上海市远航制造有限公司（示例0069）收到行政处罚决定书,澎湃新闻,negative,2026-03-11,https://demo.enterprise-risk.local/news/69/1
69,上海市远航制造有限公司（示例0069）因合同纠纷被起诉,每日经济新闻,negative,2026-05-25,https://demo.enterprise-risk.local/news/69/2
70,绵阳市华辰供应链有限公司（示例0070）完成新一轮融资,证券时报,positive,2026-06-18,https://demo.enterprise-risk.local/news/70/1
70,绵阳市华辰供应链有限公司（示例0070）供应链回款压力上升,澎湃新闻,negative,2025-11-05,https://demo.enterprise-risk.local/news/70/2
71,深圳市恒泰供应链有限公司（示例0071）主营业务持续增长,财联社,positive,2025-08-08,https://demo.enterprise-risk.local/news/71/1
71,深圳市恒泰供应链有限公司（示例0071）完成新一轮融资,财联社,neutral,2025-07-06,https://demo.enterprise-risk.local/news/71/2
71,深圳市恒泰供应链有限公司（示例0071）因合同纠纷被起诉,中国经营报,negative,2024-10-28,https://demo.enterprise-risk.local/news/71/3
71,深圳市恒泰供应链有限公司（示例0071）供应链回款压力上升,每日经济新闻,negative,2026-03-01,https://demo.enterprise-risk.local/news/71/4
72,青岛市联盛信息技术有限公司（示例0072）主营业务持续增长,每日经济新闻,positive,2026-03-03,https://demo.enterprise-risk.local/news/72/1
72,青岛市联盛信息技术有限公司（示例0072）签署重点合作项目,每日经济新闻,neutral,2025-04-04,https://demo.enterprise-risk.local/news/72/2
72,青岛市联盛信息技术有限公司（示例0072）发布年度增长计划,证券时报,neutral,2024-12-20,https://demo.enterprise-risk.local/news/72/3
72,青岛市联盛信息技术有限公司（示例0072）因合同纠纷被起诉,财联社,negative,2024-12-26,https://demo.enterprise-risk.local/news/72/4
73,上海市嘉禾供应链有限公司（示例0073）供应链回款压力上升,每日经济新闻,negative,2025-02-11,https://demo.enterprise-risk.local/news/73/1
73,上海市嘉禾供应链有限公司（示例0073）发布年度增长计划,证券时报,positive,2025-02-19,https://demo.enterprise-risk.local/news/73/2
74,武汉市远航制造有限公司（示例0074）签署重点合作项目,中国经营报,neutral,2026-03-27,https://demo.enterprise-risk.local/news/74/1
74,武汉市远航制造有限公司（示例0074）发布年度增长计划,每日经济新闻,positive,2026-03-06,https://demo.enterprise-risk.local/news/74/2
74,武汉市远航制造有限公司（示例0074）发布年度增长计划,每日经济新闻,positive,2024-11-24,https://demo.enterprise-risk.local/news/74/3
75,苏州市远航科技有限公司（示例0075）完成新一轮融资,证券时报,neutral,2024-11-24,https://demo.enterprise-risk.local/news/75/1
75,苏州市远航科技有限公司（示例0075）主营业务持续增长,证券时报,neutral,2025-01-09,https://demo.enterprise-risk.local/news/75/2
76,北京市启明信息技术有限公司（示例0076）主营业务持续增长,澎湃新闻,neutral,2025-04-22,https://demo.enterprise-risk.local/news/76/1
76,北京市启明信息技术有限公司（示例0076）完成新一轮融资,中国经营报,neutral,2024-10-19,https://demo.enterprise-risk.local/news/76/2
76,北京市启明信息技术有限公司（示例0076）发布年度增长计划,每日经济新闻,positive,2025-05-23,https://demo.enterprise-risk.local/news/76/3
76,北京市启明信息技术有限公司（示例0076）签署重点合作项目,澎湃新闻,neutral,2025-04-08,https://demo.enterprise-risk.local/news/76/4
77,上海市华辰科技有限公司（示例0077）经营波动引发市场关注,中国经营报,negative,2026-06-18,https://demo.enterprise-risk.local/news/77/1
77,上海市华辰科技有限公司（示例0077）因合同纠纷被起诉,澎湃新闻,negative,2025-03-14,https://demo.enterprise-risk.local/news/77/2
77,上海市华辰科技有限公司（示例0077）完成新一轮融资,每日经济新闻,neutral,2026-01-11,https://demo.enterprise-risk.local/news/77/3
78,宜昌市恒泰科技有限公司（示例0078）主营业务持续增长,财联社,neutral,2026-06-26,https://demo.enterprise-risk.local/news/78/1
79,南京市启明科技有限公司（示例0079）因合同纠纷被起诉,澎湃新闻,negative,2025-12-09,https://demo.enterprise-risk.local/news/79/1
79,南京市启明科技有限公司（示例0079）签署重点合作项目,澎湃新闻,positive,2026-03-17,https://demo.enterprise-risk.local/news/79/2
79,南京市启明科技有限公司（示例0079）收到行政处罚决定书,每日经济新闻,negative,2026-04-28,https://demo.enterprise-risk.local/news/79/3
80,济南市中科制造有限公司（示例0080）发布年度增长计划,财联社,neutral,2026-07-19,https://demo.enterprise-risk.local/news/80/1
80,济南市中科制造有限公司（示例0080）完成新一轮融资,证券时报,neutral,2024-12-20,https://demo.enterprise-risk.local/news/80/2
81,上海市博远信息技术有限公司（示例0081）完成新一轮融资,中国经营报,positive,2026-05-14,https://demo.enterprise-risk.local/news/81/1
81,上海市博远信息技术有限公司（示例0081）签署重点合作项目,每日经济新闻,neutral,2025-01-11,https://demo.enterprise-risk.local/news/81/2
82,济南市中科制造有限公司（示例0082）完成新一轮融资,中国经营报,positive,2024-10-01,https://demo.enterprise-risk.local/news/82/1
82,济南市中科制造有限公司（示例0082）经营波动引发市场关注,每日经济新闻,negative,2026-01-09,https://demo.enterprise-risk.local/news/82/2
82,济南市中科制造有限公司（示例0082）签署重点合作项目,澎湃新闻,neutral,2025-06-10,https://demo.enterprise-risk.local/news/82/3
82,济南市中科制造有限公司（示例0082）供应链回款压力上升,每日经济新闻,negative,2024-08-27,https://demo.enterprise-risk.local/news/82/4
83,广州市安信供应链有限公司（示例0083）完成新一轮融资,每日经济新闻,neutral,2026-05-04,https://demo.enterprise-risk.local/news/83/1
83,广州市安信供应链有限公司（示例0083）主营业务持续增长,每日经济新闻,neutral,2025-12-31,https://demo.enterprise-risk.local/news/83/2
84,上海市华辰供应链有限公司（示例0084）主营业务持续增长,证券时报,positive,2025-03-14,https://demo.enterprise-risk.local/news/84/1
84,上海市华辰供应链有限公司（示例0084）主营业务持续增长,中国经营报,neutral,2025-05-02,https://demo.enterprise-risk.local/news/84/2
84,上海市华辰供应链有限公司（示例0084）经营波动引发市场关注,证券时报,negative,2025-05-09,https://demo.enterprise-risk.local/news/84/3
85,成都市远航科技有限公司（示例0085）主营业务持续增长,中国经营报,neutral,2026-04-30,https://demo.enterprise-risk.local/news/85/1
86,济南市恒泰科技有限公司（示例0086）签署重点合作项目,澎湃新闻,positive,2026-01-28,https://demo.enterprise-risk.local/news/86/1
86,济南市恒泰科技有限公司（示例0086）签署重点合作项目,财联社,positive,2026-04-21,https://demo.enterprise-risk.local/news/86/2
87,广州市中科科技有限公司（示例0087）因合同纠纷被起诉,每日经济新闻,negative,2026-05-24,https://demo.enterprise-risk.local/news/87/1
88,深圳市华辰制造有限公司（示例0088）主营业务持续增长,中国经营报,positive,2026-01-09,https://demo.enterprise-risk.local/news/88/1
88,深圳市华辰制造有限公司（示例0088）发布年度增长计划,澎湃新闻,neutral,2026-06-19,https://demo.enterprise-risk.local/news/88/2
88,深圳市华辰制造有限公司（示例0088）发布年度增长计划,澎湃新闻,neutral,2025-01-09,https://demo.enterprise-risk.local/news/88/3
89,宜昌市启明信息技术有限公司（示例0089）签署重点合作项目,中国经营报,neutral,2026-07-27,https://demo.enterprise-risk.local/news/89/1
90,绵阳市远航信息技术有限公司（示例0090）收到行政处罚决定书,证券时报,negative,2026-03-08,https://demo.enterprise-risk.local/news/90/1
90,绵阳市远航信息技术有限公司（示例0090）发布年度增长计划,澎湃新闻,neutral,2025-05-22,https://demo.enterprise-risk.local/news/90/2
90,绵阳市远航信息技术有限公司（示例0090）收到行政处罚决定书,中国经营报,negative,2026-03-04,https://demo.enterprise-risk.local/news/90/3
91,宁波市安信供应链有限公司（示例0091）主营业务持续增长,中国经营报,neutral,2024-09-26,https://demo.enterprise-risk.local/news/91/1
91,宁波市安信供应链有限公司（示例0091）主营业务持续增长,每日经济新闻,positive,2025-03-19,https://demo.enterprise-risk.local/news/91/2
91,宁波市安信供应链有限公司（示例0091）经营波动引发市场关注,中国经营报,negative,2025-11-18,https://demo.enterprise-risk.local/news/91/3
92,青岛市安信制造有限公司（示例0092）供应链回款压力上升,财联社,negative,2024-08-30,https://demo.enterprise-risk.local/news/92/1
93,上海市联盛供应链有限公司（示例0093）经营波动引发市场关注,每日经济新闻,negative,2025-07-03,https://demo.enterprise-risk.local/news/93/1
93,上海市联盛供应链有限公司（示例0093）主营业务持续增长,每日经济新闻,neutral,2025-10-08,https://demo.enterprise-risk.local/news/93/2
93,上海市联盛供应链有限公司（示例0093）主营业务持续增长,财联社,positive,2026-05-22,https://demo.enterprise-risk.local/news/93/3
94,佛山市启明供应链有限公司（示例0094）经营波动引发市场关注,澎湃新闻,negative,2025-09-20,https://demo.enterprise-risk.local/news/94/1
94,佛山市启明供应链有限公司（示例0094）发布年度增长计划,澎湃新闻,neutral,2025-03-27,https://demo.enterprise-risk.local/news/94/2
94,佛山市启明供应链有限公司（示例0094）完成新一轮融资,证券时报,neutral,2026-01-28,https://demo.enterprise-risk.local/news/94/3
95,上海市嘉禾制造有限公司（示例0095）发布年度增长计划,财联社,positive,2025-03-09,https://demo.enterprise-risk.local/news/95/1
95,上海市嘉禾制造有限公司（示例0095）签署重点合作项目,澎湃新闻,neutral,2025-09-24,https://demo.enterprise-risk.local/news/95/2
95,上海市嘉禾制造有限公司（示例0095）因合同纠纷被起诉,中国经营报,negative,2025-04-12,https://demo.enterprise-risk.local/news/95/3
96,佛山市恒泰科技有限公司（示例0096）发布年度增长计划,每日经济新闻,neutral,2025-10-27,https://demo.enterprise-risk.local/news/96/1
96,佛山市恒泰科技有限公司（示例0096）发布年度增长计划,中国经营报,neutral,2025-12-23,https://demo.enterprise-risk.local/news/96/2
96,佛山市恒泰科技有限公司（示例0096）主营业务持续增长,财联社,positive,2026-07-10,https://demo.enterprise-risk.local/news/96/3
96,佛山市恒泰科技有限公司（示例0096）签署重点合作项目,证券时报,positive,2024-12-22,https://demo.enterprise-risk.local/news/96/4
97,苏州市联盛制造有限公司（示例0097）主营业务持续增长,财联社,positive,2025-07-15,https://demo.enterprise-risk.local/news/97/1
97,苏州市联盛制造有限公司（示例0097）收到行政处罚决定书,每日经济新闻,negative,2026-06-02,https://demo.enterprise-risk.local/news/97/2
97,苏州市联盛制造有限公司（示例0097）收到行政处罚决定书,澎湃新闻,negative,2025-02-23,https://demo.enterprise-risk.local/news/97/3
98,广州市智联科技有限公司（示例0098）经营波动引发市场关注,证券时报,negative,2025-01-11,https://demo.enterprise-risk.local/news/98/1
99,温州市远航科技有限公司（示例0099）主营业务持续增长,每日经济新闻,positive,2024-08-17,https://demo.enterprise-risk.local/news/99/1
99,温州市远航科技有限公司（示例0099）主营业务持续增长,财联社,neutral,2025-05-31,https://demo.enterprise-risk.local/news/99/2
100,温州市联盛信息技术有限公司（示例0100）发布年度增长计划,中国经营报,neutral,2026-06-11,https://demo.enterprise-risk.local/news/100/1
100,温州市联盛信息技术有限公司（示例0100）因合同纠纷被起诉,财联社,negative,2025-08-18,https://demo.enterprise-risk.local/news/100/2
100,温州市联盛信息技术有限公司（示例0100）收到行政处罚决定书,中国经营报,negative,2026-06-23,https://demo.enterprise-risk.local/news/100/3
100,温州市联盛信息技术有限公司（示例0100）完成新一轮融资,每日经济新闻,neutral,2025-04-19,https://demo.enterprise-risk.local/news/100/4
101,宁波市博远供应链有限公司（示例0101）完成新一轮融资,中国经营报,positive,2025-03-23,https://demo.enterprise-risk.local/news/101/1
101,宁波市博远供应链有限公司（示例0101）收到行政处罚决定书,每日经济新闻,negative,2026-01-25,https://demo.enterprise-risk.local/news/101/2
101,宁波市博远供应链有限公司（示例0101）发布年度增长计划,澎湃新闻,positive,2026-03-15,https://demo.enterprise-risk.local/news/101/3
101,宁波市博远供应链有限公司（示例0101）主营业务持续增长,每日经济新闻,neutral,2024-10-18,https://demo.enterprise-risk.local/news/101/4
102,北京市联盛信息技术有限公司（示例0102）完成新一轮融资,财联社,positive,2026-05-16,https://demo.enterprise-risk.local/news/102/1
102,北京市联盛信息技术有限公司（示例0102）主营业务持续增长,每日经济新闻,neutral,2024-08-11,https://demo.enterprise-risk.local/news/102/2
102,北京市联盛信息技术有限公司（示例0102）供应链回款压力上升,证券时报,negative,2026-05-27,https://demo.enterprise-risk.local/news/102/3
103,无锡市智联制造有限公司（示例0103）完成新一轮融资,澎湃新闻,neutral,2026-06-07,https://demo.enterprise-risk.local/news/103/1
104,宜昌市智联信息技术有限公司（示例0104）主营业务持续增长,财联社,positive,2024-10-04,https://demo.enterprise-risk.local/news/104/1
104,宜昌市智联信息技术有限公司（示例0104）签署重点合作项目,财联社,positive,2026-06-26,https://demo.enterprise-risk.local/news/104/2
105,宜昌市博远供应链有限公司（示例0105）发布年度增长计划,澎湃新闻,neutral,2026-07-25,https://demo.enterprise-risk.local/news/105/1
105,宜昌市博远供应链有限公司（示例0105）完成新一轮融资,每日经济新闻,neutral,2025-04-20,https://demo.enterprise-risk.local/news/105/2
106,武汉市嘉禾制造有限公司（示例0106）主营业务持续增长,财联社,neutral,2024-08-22,https://demo.enterprise-risk.local/news/106/1
106,武汉市嘉禾制造有限公司（示例0106）因合同纠纷被起诉,财联社,negative,2025-12-05,https://demo.enterprise-risk.local/news/106/2
106,武汉市嘉禾制造有限公司（示例0106）主营业务持续增长,证券时报,neutral,2025-09-10,https://demo.enterprise-risk.local/news/106/3
107,北京市安信供应链有限公司（示例0107）完成新一轮融资,财联社,positive,2025-05-02,https://demo.enterprise-risk.local/news/107/1
107,北京市安信供应链有限公司（示例0107）因合同纠纷被起诉,澎湃新闻,negative,2025-11-16,https://demo.enterprise-risk.local/news/107/2
107,北京市安信供应链有限公司（示例0107）发布年度增长计划,中国经营报,positive,2025-03-28,https://demo.enterprise-risk.local/news/107/3
108,温州市安信供应链有限公司（示例0108）主营业务持续增长,中国经营报,neutral,2026-03-14,https://demo.enterprise-risk.local/news/108/1
108,温州市安信供应链有限公司（示例0108）完成新一轮融资,财联社,neutral,2026-02-10,https://demo.enterprise-risk.local/news/108/2
108,温州市安信供应链有限公司（示例0108）完成新一轮融资,证券时报,neutral,2026-04-08,https://demo.enterprise-risk.local/news/108/3
108,温州市安信供应链有限公司（示例0108）供应链回款压力上升,中国经营报,negative,2026-04-12,https://demo.enterprise-risk.local/news/108/4
109,上海市启明科技有限公司（示例0109）因合同纠纷被起诉,每日经济新闻,negative,2024-11-14,https://demo.enterprise-risk.local/news/109/1
109,上海市启明科技有限公司（示例0109）发布年度增长计划,澎湃新闻,neutral,2025-03-14,https://demo.enterprise-risk.local/news/109/2
109,上海市启明科技有限公司（示例0109）发布年度增长计划,财联社,neutral,2025-03-18,https://demo.enterprise-risk.local/news/109/3
109,上海市启明科技有限公司（示例0109）经营波动引发市场关注,证券时报,negative,2024-08-27,https://demo.enterprise-risk.local/news/109/4
110,成都市博远供应链有限公司（示例0110）供应链回款压力上升,每日经济新闻,negative,2025-02-17,https://demo.enterprise-risk.local/news/110/1
110,成都市博远供应链有限公司（示例0110）因合同纠纷被起诉,证券时报,negative,2026-05-15,https://demo.enterprise-risk.local/news/110/2
110,成都市博远供应链有限公司（示例0110）签署重点合作项目,每日经济新闻,neutral,2025-04-19,https://demo.enterprise-risk.local/news/110/3
110,成都市博远供应链有限公司（示例0110）主营业务持续增长,中国经营报,neutral,2025-04-16,https://demo.enterprise-risk.local/news/110/4
111,武汉市远航科技有限公司（示例0111）经营波动引发市场关注,财联社,negative,2025-11-23,https://demo.enterprise-risk.local/news/111/1
112,武汉市安信科技有限公司（示例0112）供应链回款压力上升,证券时报,negative,2025-08-15,https://demo.enterprise-risk.local/news/112/1
112,武汉市安信科技有限公司（示例0112）完成新一轮融资,中国经营报,neutral,2024-09-17,https://demo.enterprise-risk.local/news/112/2
112,武汉市安信科技有限公司（示例0112）发布年度增长计划,中国经营报,neutral,2025-11-09,https://demo.enterprise-risk.local/news/112/3
113,宜昌市嘉禾供应链有限公司（示例0113）发布年度增长计划,澎湃新闻,neutral,2025-08-15,https://demo.enterprise-risk.local/news/113/1
113,宜昌市嘉禾供应链有限公司（示例0113）主营业务持续增长,每日经济新闻,positive,2026-01-16,https://demo.enterprise-risk.local/news/113/2
113,宜昌市嘉禾供应链有限公司（示例0113）完成新一轮融资,中国经营报,neutral,2025-08-09,https://demo.enterprise-risk.local/news/113/3
114,青岛市联盛供应链有限公司（示例0114）供应链回款压力上升,澎湃新闻,negative,2025-04-03,https://demo.enterprise-risk.local/news/114/1
114,青岛市联盛供应链有限公司（示例0114）经营波动引发市场关注,每日经济新闻,negative,2026-04-04,https://demo.enterprise-risk.local/news/114/2
114,青岛市联盛供应链有限公司（示例0114）主营业务持续增长,证券时报,neutral,2025-03-12,https://demo.enterprise-risk.local/news/114/3
114,青岛市联盛供应链有限公司（示例0114）主营业务持续增长,证券时报,positive,2026-01-14,https://demo.enterprise-risk.local/news/114/4
115,苏州市嘉禾供应链有限公司（示例0115）完成新一轮融资,澎湃新闻,neutral,2026-04-19,https://demo.enterprise-risk.local/news/115/1
115,苏州市嘉禾供应链有限公司（示例0115）主营业务持续增长,澎湃新闻,positive,2026-05-14,https://demo.enterprise-risk.local/news/115/2
115,苏州市嘉禾供应链有限公司（示例0115）签署重点合作项目,澎湃新闻,positive,2025-12-09,https://demo.enterprise-risk.local/news/115/3
115,苏州市嘉禾供应链有限公司（示例0115）收到行政处罚决定书,证券时报,negative,2025-06-15,https://demo.enterprise-risk.local/news/115/4
116,上海市博远信息技术有限公司（示例0116）收到行政处罚决定书,每日经济新闻,negative,2025-01-08,https://demo.enterprise-risk.local/news/116/1
116,上海市博远信息技术有限公司（示例0116）供应链回款压力上升,中国经营报,negative,2025-05-30,https://demo.enterprise-risk.local/news/116/2
116,上海市博远信息技术有限公司（示例0116）签署重点合作项目,每日经济新闻,neutral,2026-02-16,https://demo.enterprise-risk.local/news/116/3
116,上海市博远信息技术有限公司（示例0116）发布年度增长计划,澎湃新闻,neutral,2025-08-25,https://demo.enterprise-risk.local/news/116/4
117,宜昌市安信信息技术有限公司（示例0117）经营波动引发市场关注,证券时报,negative,2026-01-07,https://demo.enterprise-risk.local/news/117/1
117,宜昌市安信信息技术有限公司（示例0117）供应链回款压力上升,中国经营报,negative,2025-01-11,https://demo.enterprise-risk.local/news/117/2
118,济南市博远信息技术有限公司（示例0118）经营波动引发市场关注,证券时报,negative,2024-08-28,https://demo.enterprise-risk.local/news/118/1
119,北京市博远制造有限公司（示例0119）主营业务持续增长,中国经营报,positive,2025-10-27,https://demo.enterprise-risk.local/news/119/1
119,北京市博远制造有限公司（示例0119）完成新一轮融资,证券时报,neutral,2026-01-13,https://demo.enterprise-risk.local/news/119/2
120,上海市华辰制造有限公司（示例0120）完成新一轮融资,每日经济新闻,neutral,2025-11-06,https://demo.enterprise-risk.local/news/120/1
120,上海市华辰制造有限公司（示例0120）发布年度增长计划,澎湃新闻,neutral,2025-03-01,https://demo.enterprise-risk.local/news/120/2
121,北京市启明信息技术有限公司（示例0121）完成新一轮融资,证券时报,positive,2025-12-09,https://demo.enterprise-risk.local/news/121/1
121,北京市启明信息技术有限公司（示例0121）签署重点合作项目,澎湃新闻,neutral,2025-02-14,https://demo.enterprise-risk.local/news/121/2
121,北京市启明信息技术有限公司（示例0121）完成新一轮融资,财联社,positive,2025-12-03,https://demo.enterprise-risk.local/news/121/3
121,北京市启明信息技术有限公司（示例0121）收到行政处罚决定书,证券时报,negative,2026-06-04,https://demo.enterprise-risk.local/news/121/4
122,上海市远航信息技术有限公司（示例0122）签署重点合作项目,澎湃新闻,neutral,2024-08-11,https://demo.enterprise-risk.local/news/122/1
123,绵阳市华辰信息技术有限公司（示例0123）签署重点合作项目,每日经济新闻,positive,2024-08-08,https://demo.enterprise-risk.local/news/123/1
123,绵阳市华辰信息技术有限公司（示例0123）完成新一轮融资,证券时报,neutral,2025-11-19,https://demo.enterprise-risk.local/news/123/2
123,绵阳市华辰信息技术有限公司（示例0123）经营波动引发市场关注,证券时报,negative,2026-01-13,https://demo.enterprise-risk.local/news/123/3
123,绵阳市华辰信息技术有限公司（示例0123）主营业务持续增长,证券时报,positive,2026-07-04,https://demo.enterprise-risk.local/news/123/4
124,武汉市恒泰信息技术有限公司（示例0124）主营业务持续增长,中国经营报,neutral,2025-06-10,https://demo.enterprise-risk.local/news/124/1
124,武汉市恒泰信息技术有限公司（示例0124）签署重点合作项目,澎湃新闻,neutral,2026-01-22,https://demo.enterprise-risk.local/news/124/2
125,上海市中科制造有限公司（示例0125）完成新一轮融资,财联社,neutral,2026-04-29,https://demo.enterprise-risk.local/news/125/1
126,南京市中科信息技术有限公司（示例0126）供应链回款压力上升,证券时报,negative,2025-07-10,https://demo.enterprise-risk.local/news/126/1
126,南京市中科信息技术有限公司（示例0126）主营业务持续增长,澎湃新闻,positive,2025-03-25,https://demo.enterprise-risk.local/news/126/2
126,南京市中科信息技术有限公司（示例0126）收到行政处罚决定书,中国经营报,negative,2024-10-23,https://demo.enterprise-risk.local/news/126/3
127,北京市启明制造有限公司（示例0127）完成新一轮融资,证券时报,positive,2025-09-07,https://demo.enterprise-risk.local/news/127/1
127,北京市启明制造有限公司（示例0127）主营业务持续增长,中国经营报,neutral,2026-03-31,https://demo.enterprise-risk.local/news/127/2
127,北京市启明制造有限公司（示例0127）主营业务持续增长,证券时报,neutral,2025-01-10,https://demo.enterprise-risk.local/news/127/3
127,北京市启明制造有限公司（示例0127）发布年度增长计划,财联社,positive,2026-02-20,https://demo.enterprise-risk.local/news/127/4
128,上海市恒泰制造有限公司（示例0128）签署重点合作项目,澎湃新闻,neutral,2024-10-11,https://demo.enterprise-risk.local/news/128/1
128,上海市恒泰制造有限公司（示例0128）主营业务持续增长,财联社,positive,2025-03-14,https://demo.enterprise-risk.local/news/128/2
128,上海市恒泰制造有限公司（示例0128）经营波动引发市场关注,中国经营报,negative,2025-09-25,https://demo.enterprise-risk.local/news/128/3
129,宜昌市恒泰制造有限公司（示例0129）签署重点合作项目,证券时报,positive,2026-01-06,https://demo.enterprise-risk.local/news/129/1
129,宜昌市恒泰制造有限公司（示例0129）收到行政处罚决定书,财联社,negative,2026-02-22,https://demo.enterprise-risk.local/news/129/2
129,宜昌市恒泰制造有限公司（示例0129）因合同纠纷被起诉,澎湃新闻,negative,2026-07-09,https://demo.enterprise-risk.local/news/129/3
130,东莞市华辰制造有限公司（示例0130）因合同纠纷被起诉,澎湃新闻,negative,2025-09-30,https://demo.enterprise-risk.local/news/130/1
130,东莞市华辰制造有限公司（示例0130）发布年度增长计划,证券时报,neutral,2025-03-25,https://demo.enterprise-risk.local/news/130/2
130,东莞市华辰制造有限公司（示例0130）完成新一轮融资,中国经营报,neutral,2026-04-16,https://demo.enterprise-risk.local/news/130/3
130,东莞市华辰制造有限公司（示例0130）完成新一轮融资,澎湃新闻,neutral,2026-06-30,https://demo.enterprise-risk.local/news/130/4
131,东莞市博远科技有限公司（示例0131）签署重点合作项目,中国经营报,neutral,2025-04-05,https://demo.enterprise-risk.local/news/131/1
131,东莞市博远科技有限公司（示例0131）经营波动引发市场关注,每日经济新闻,negative,2024-09-22,https://demo.enterprise-risk.local/news/131/2
131,东莞市博远科技有限公司（示例0131）发布年度增长计划,证券时报,positive,2025-01-16,https://demo.enterprise-risk.local/news/131/3
132,上海市联盛制造有限公司（示例0132）签署重点合作项目,每日经济新闻,neutral,2026-02-10,https://demo.enterprise-risk.local/news/132/1
132,上海市联盛制造有限公司（示例0132）主营业务持续增长,证券时报,positive,2026-04-19,https://demo.enterprise-risk.local/news/132/2
132,上海市联盛制造有限公司（示例0132）主营业务持续增长,澎湃新闻,positive,2026-05-01,https://demo.enterprise-risk.local/news/132/3
132,上海市联盛制造有限公司（示例0132）完成新一轮融资,每日经济新闻,positive,2026-06-03,https://demo.enterprise-risk.local/news/132/4
133,上海市智联科技有限公司（示例0133）经营波动引发市场关注,中国经营报,negative,2025-04-05,https://demo.enterprise-risk.local/news/133/1
133,上海市智联科技有限公司（示例0133）签署重点合作项目,财联社,neutral,2025-05-28,https://demo.enterprise-risk.local/news/133/2
134,苏州市博远制造有限公司（示例0134）签署重点合作项目,每日经济新闻,neutral,2025-08-01,https://demo.enterprise-risk.local/news/134/1
134,苏州市博远制造有限公司（示例0134）签署重点合作项目,澎湃新闻,positive,2025-07-29,https://demo.enterprise-risk.local/news/134/2
134,苏州市博远制造有限公司（示例0134）完成新一轮融资,财联社,neutral,2024-10-15,https://demo.enterprise-risk.local/news/134/3
134,苏州市博远制造有限公司（示例0134）主营业务持续增长,证券时报,neutral,2024-11-17,https://demo.enterprise-risk.local/news/134/4
135,青岛市华辰制造有限公司（示例0135）发布年度增长计划,每日经济新闻,positive,2025-09-16,https://demo.enterprise-risk.local/news/135/1
135,青岛市华辰制造有限公司（示例0135）主营业务持续增长,每日经济新闻,neutral,2026-04-21,https://demo.enterprise-risk.local/news/135/2
135,青岛市华辰制造有限公司（示例0135）发布年度增长计划,证券时报,positive,2025-10-20,https://demo.enterprise-risk.local/news/135/3
136,绵阳市启明科技有限公司（示例0136）收到行政处罚决定书,每日经济新闻,negative,2025-04-22,https://demo.enterprise-risk.local/news/136/1
136,绵阳市启明科技有限公司（示例0136）因合同纠纷被起诉,中国经营报,negative,2024-12-30,https://demo.enterprise-risk.local/news/136/2
136,绵阳市启明科技有限公司（示例0136）经营波动引发市场关注,澎湃新闻,negative,2025-12-04,https://demo.enterprise-risk.local/news/136/3
137,佛山市启明制造有限公司（示例0137）经营波动引发市场关注,澎湃新闻,negative,2026-02-22,https://demo.enterprise-risk.local/news/137/1
138,南京市华辰科技有限公司（示例0138）主营业务持续增长,中国经营报,positive,2025-09-04,https://demo.enterprise-risk.local/news/138/1
138,南京市华辰科技有限公司（示例0138）签署重点合作项目,证券时报,positive,2025-01-16,https://demo.enterprise-risk.local/news/138/2
138,南京市华辰科技有限公司（示例0138）完成新一轮融资,每日经济新闻,neutral,2025-09-06,https://demo.enterprise-risk.local/news/138/3
138,南京市华辰科技有限公司（示例0138）签署重点合作项目,证券时报,neutral,2025-12-02,https://demo.enterprise-risk.local/news/138/4
139,深圳市联盛供应链有限公司（示例0139）主营业务持续增长,中国经营报,neutral,2025-01-30,https://demo.enterprise-risk.local/news/139/1
139,深圳市联盛供应链有限公司（示例0139）收到行政处罚决定书,财联社,negative,2026-05-26,https://demo.enterprise-risk.local/news/139/2
139,深圳市联盛供应链有限公司（示例0139）发布年度增长计划,澎湃新闻,neutral,2026-07-27,https://demo.enterprise-risk.local/news/139/3
140,杭州市博远制造有限公司（示例0140）主营业务持续增长,澎湃新闻,neutral,2026-08-01,https://demo.enterprise-risk.local/news/140/1
140,杭州市博远制造有限公司（示例0140）因合同纠纷被起诉,财联社,negative,2025-11-16,https://demo.enterprise-risk.local/news/140/2
141,青岛市中科制造有限公司（示例0141）收到行政处罚决定书,澎湃新闻,negative,2025-05-11,https://demo.enterprise-risk.local/news/141/1
141,青岛市中科制造有限公司（示例0141）因合同纠纷被起诉,财联社,negative,2024-12-03,https://demo.enterprise-risk.local/news/141/2
141,青岛市中科制造有限公司（示例0141）主营业务持续增长,证券时报,positive,2025-07-03,https://demo.enterprise-risk.local/news/141/3
141,青岛市中科制造有限公司（示例0141）发布年度增长计划,每日经济新闻,neutral,2025-02-12,https://demo.enterprise-risk.local/news/141/4
142,深圳市联盛信息技术有限公司（示例0142）发布年度增长计划,证券时报,neutral,2024-11-22,https://demo.enterprise-risk.local/news/142/1
142,深圳市联盛信息技术有限公司（示例0142）供应链回款压力上升,每日经济新闻,negative,2026-04-04,https://demo.enterprise-risk.local/news/142/2
142,深圳市联盛信息技术有限公司（示例0142）主营业务持续增长,澎湃新闻,positive,2026-05-11,https://demo.enterprise-risk.local/news/142/3
142,深圳市联盛信息技术有限公司（示例0142）主营业务持续增长,中国经营报,neutral,2025-08-07,https://demo.enterprise-risk.local/news/142/4
143,无锡市华辰制造有限公司（示例0143）完成新一轮融资,澎湃新闻,neutral,2025-06-07,https://demo.enterprise-risk.local/news/143/1
143,无锡市华辰制造有限公司（示例0143）收到行政处罚决定书,澎湃新闻,negative,2025-03-28,https://demo.enterprise-risk.local/news/143/2
143,无锡市华辰制造有限公司（示例0143）完成新一轮融资,澎湃新闻,neutral,2024-08-15,https://demo.enterprise-risk.local/news/143/3
143,无锡市华辰制造有限公司（示例0143）签署重点合作项目,中国经营报,neutral,2025-09-09,https://demo.enterprise-risk.local/news/143/4
144,宜昌市启明科技有限公司（示例0144）发布年度增长计划,澎湃新闻,positive,2026-06-13,https://demo.enterprise-risk.local/news/144/1
144,宜昌市启明科技有限公司（示例0144）完成新一轮融资,澎湃新闻,positive,2026-04-09,https://demo.enterprise-risk.local/news/144/2
144,宜昌市启明科技有限公司（示例0144）完成新一轮融资,每日经济新闻,positive,2024-09-05,https://demo.enterprise-risk.local/news/144/3
145,绵阳市联盛制造有限公司（示例0145）经营波动引发市场关注,证券时报,negative,2026-04-11,https://demo.enterprise-risk.local/news/145/1
145,绵阳市联盛制造有限公司（示例0145）收到行政处罚决定书,中国经营报,negative,2024-09-24,https://demo.enterprise-risk.local/news/145/2
146,青岛市智联科技有限公司（示例0146）主营业务持续增长,证券时报,positive,2025-03-24,https://demo.enterprise-risk.local/news/146/1
146,青岛市智联科技有限公司（示例0146）供应链回款压力上升,财联社,negative,2025-01-01,https://demo.enterprise-risk.local/news/146/2
146,青岛市智联科技有限公司（示例0146）完成新一轮融资,中国经营报,neutral,2025-07-05,https://demo.enterprise-risk.local/news/146/3
147,武汉市安信信息技术有限公司（示例0147）完成新一轮融资,财联社,positive,2024-12-10,https://demo.enterprise-risk.local/news/147/1
147,武汉市安信信息技术有限公司（示例0147）完成新一轮融资,证券时报,neutral,2024-11-01,https://demo.enterprise-risk.local/news/147/2
148,北京市远航科技有限公司（示例0148）发布年度增长计划,证券时报,positive,2025-10-25,https://demo.enterprise-risk.local/news/148/1
148,北京市远航科技有限公司（示例0148）签署重点合作项目,澎湃新闻,neutral,2025-01-15,https://demo.enterprise-risk.local/news/148/2
148,北京市远航科技有限公司（示例0148）签署重点合作项目,证券时报,neutral,2024-08-19,https://demo.enterprise-risk.local/news/148/3
148,北京市远航科技有限公司（示例0148）发布年度增长计划,澎湃新闻,positive,2025-09-15,https://demo.enterprise-risk.local/news/148/4
149,济南市嘉禾供应链有限公司（示例0149）签署重点合作项目,每日经济新闻,neutral,2026-07-21,https://demo.enterprise-risk.local/news/149/1
150,北京市智联信息技术有限公司（示例0150）发布年度增长计划,财联社,positive,2025-01-18,https://demo.enterprise-risk.local/news/150/1
150,北京市智联信息技术有限公司（示例0150）发布年度增长计划,证券时报,positive,2026-06-15,https://demo.enterprise-risk.local/news/150/2
150,北京市智联信息技术有限公司（示例0150）供应链回款压力上升,澎湃新闻,negative,2025-01-13,https://demo.enterprise-risk.local/news/150/3
150,北京市智联信息技术有限公司（示例0150）主营业务持续增长,中国经营报,neutral,2025-08-31,https://demo.enterprise-risk.local/news/150/4
151,武汉市联盛信息技术有限公司（示例0151）发布年度增长计划,证券时报,neutral,2024-09-03,https://demo.enterprise-risk.local/news/151/1
151,武汉市联盛信息技术有限公司（示例0151）主营业务持续增长,中国经营报,neutral,2025-09-01,https://demo.enterprise-risk.local/news/151/2
152,杭州市联盛科技有限公司（示例0152）发布年度增长计划,证券时报,positive,2026-07-07,https://demo.enterprise-risk.local/news/152/1
152,杭州市联盛科技有限公司（示例0152）发布年度增长计划,每日经济新闻,positive,2026-07-17,https://demo.enterprise-risk.local/news/152/2
153,济南市恒泰科技有限公司（示例0153）主营业务持续增长,证券时报,neutral,2026-02-12,https://demo.enterprise-risk.local/news/153/1
153,济南市恒泰科技有限公司（示例0153）发布年度增长计划,财联社,neutral,2025-01-16,https://demo.enterprise-risk.local/news/153/2
153,济南市恒泰科技有限公司（示例0153）供应链回款压力上升,每日经济新闻,negative,2026-07-07,https://demo.enterprise-risk.local/news/153/3
153,济南市恒泰科技有限公司（示例0153）主营业务持续增长,证券时报,neutral,2025-03-04,https://demo.enterprise-risk.local/news/153/4
154,上海市恒泰科技有限公司（示例0154）收到行政处罚决定书,财联社,negative,2025-08-12,https://demo.enterprise-risk.local/news/154/1
154,上海市恒泰科技有限公司（示例0154）签署重点合作项目,财联社,neutral,2024-10-06,https://demo.enterprise-risk.local/news/154/2
154,上海市恒泰科技有限公司（示例0154）主营业务持续增长,每日经济新闻,positive,2025-04-25,https://demo.enterprise-risk.local/news/154/3
155,青岛市安信信息技术有限公司（示例0155）因合同纠纷被起诉,中国经营报,negative,2025-01-08,https://demo.enterprise-risk.local/news/155/1
155,青岛市安信信息技术有限公司（示例0155）发布年度增长计划,证券时报,neutral,2024-11-14,https://demo.enterprise-risk.local/news/155/2
155,青岛市安信信息技术有限公司（示例0155）供应链回款压力上升,财联社,negative,2026-03-09,https://demo.enterprise-risk.local/news/155/3
156,上海市恒泰科技有限公司（示例0156）收到行政处罚决定书,中国经营报,negative,2024-10-06,https://demo.enterprise-risk.local/news/156/1
157,成都市嘉禾科技有限公司（示例0157）发布年度增长计划,澎湃新闻,positive,2025-10-30,https://demo.enterprise-risk.local/news/157/1
157,成都市嘉禾科技有限公司（示例0157）供应链回款压力上升,证券时报,negative,2026-05-20,https://demo.enterprise-risk.local/news/157/2
157,成都市嘉禾科技有限公司（示例0157）主营业务持续增长,中国经营报,positive,2025-03-17,https://demo.enterprise-risk.local/news/157/3
158,绵阳市安信科技有限公司（示例0158）签署重点合作项目,每日经济新闻,neutral,2025-10-18,https://demo.enterprise-risk.local/news/158/1
158,绵阳市安信科技有限公司（示例0158）完成新一轮融资,每日经济新闻,neutral,2025-08-03,https://demo.enterprise-risk.local/news/158/2
159,武汉市嘉禾信息技术有限公司（示例0159）收到行政处罚决定书,证券时报,negative,2025-03-17,https://demo.enterprise-risk.local/news/159/1
159,武汉市嘉禾信息技术有限公司（示例0159）主营业务持续增长,证券时报,neutral,2025-04-08,https://demo.enterprise-risk.local/news/159/2
160,济南市联盛供应链有限公司（示例0160）发布年度增长计划,每日经济新闻,positive,2025-10-10,https://demo.enterprise-risk.local/news/160/1
160,济南市联盛供应链有限公司（示例0160）完成新一轮融资,证券时报,positive,2025-04-11,https://demo.enterprise-risk.local/news/160/2
160,济南市联盛供应链有限公司（示例0160）发布年度增长计划,财联社,neutral,2025-03-14,https://demo.enterprise-risk.local/news/160/3
161,广州市远航制造有限公司（示例0161）完成新一轮融资,证券时报,positive,2026-02-22,https://demo.enterprise-risk.local/news/161/1
162,深圳市华辰制造有限公司（示例0162）收到行政处罚决定书,每日经济新闻,negative,2026-06-19,https://demo.enterprise-risk.local/news/162/1
162,深圳市华辰制造有限公司（示例0162）发布年度增长计划,每日经济新闻,neutral,2025-08-20,https://demo.enterprise-risk.local/news/162/2
162,深圳市华辰制造有限公司（示例0162）签署重点合作项目,澎湃新闻,neutral,2025-01-23,https://demo.enterprise-risk.local/news/162/3
163,济南市启明制造有限公司（示例0163）签署重点合作项目,澎湃新闻,neutral,2026-04-20,https://demo.enterprise-risk.local/news/163/1
163,济南市启明制造有限公司（示例0163）签署重点合作项目,证券时报,neutral,2025-06-25,https://demo.enterprise-risk.local/news/163/2
164,东莞市博远制造有限公司（示例0164）签署重点合作项目,中国经营报,neutral,2024-12-23,https://demo.enterprise-risk.local/news/164/1
165,佛山市华辰供应链有限公司（示例0165）收到行政处罚决定书,证券时报,negative,2026-03-30,https://demo.enterprise-risk.local/news/165/1
165,佛山市华辰供应链有限公司（示例0165）发布年度增长计划,证券时报,neutral,2025-06-28,https://demo.enterprise-risk.local/news/165/2
166,温州市博远科技有限公司（示例0166）因合同纠纷被起诉,澎湃新闻,negative,2025-08-31,https://demo.enterprise-risk.local/news/166/1
166,温州市博远科技有限公司（示例0166）供应链回款压力上升,澎湃新闻,negative,2026-01-07,https://demo.enterprise-risk.local/news/166/2
167,宜昌市联盛供应链有限公司（示例0167）收到行政处罚决定书,澎湃新闻,negative,2025-07-17,https://demo.enterprise-risk.local/news/167/1
168,北京市安信科技有限公司（示例0168）主营业务持续增长,证券时报,positive,2024-10-15,https://demo.enterprise-risk.local/news/168/1
168,北京市安信科技有限公司（示例0168）签署重点合作项目,证券时报,positive,2025-10-25,https://demo.enterprise-risk.local/news/168/2
168,北京市安信科技有限公司（示例0168）发布年度增长计划,每日经济新闻,neutral,2024-12-18,https://demo.enterprise-risk.local/news/168/3
169,济南市启明科技有限公司（示例0169）经营波动引发市场关注,澎湃新闻,negative,2026-06-04,https://demo.enterprise-risk.local/news/169/1
169,济南市启明科技有限公司（示例0169）签署重点合作项目,澎湃新闻,positive,2026-05-25,https://demo.enterprise-risk.local/news/169/2
169,济南市启明科技有限公司（示例0169）经营波动引发市场关注,澎湃新闻,negative,2025-06-25,https://demo.enterprise-risk.local/news/169/3
169,济南市启明科技有限公司（示例0169）因合同纠纷被起诉,中国经营报,negative,2025-10-17,https://demo.enterprise-risk.local/news/169/4
170,绵阳市嘉禾信息技术有限公司（示例0170）签署重点合作项目,澎湃新闻,positive,2025-01-02,https://demo.enterprise-risk.local/news/170/1
170,绵阳市嘉禾信息技术有限公司（示例0170）供应链回款压力上升,中国经营报,negative,2026-01-20,https://demo.enterprise-risk.local/news/170/2
171,上海市华辰供应链有限公司（示例0171）因合同纠纷被起诉,中国经营报,negative,2026-01-23,https://demo.enterprise-risk.local/news/171/1
171,上海市华辰供应链有限公司（示例0171）因合同纠纷被起诉,每日经济新闻,negative,2025-11-20,https://demo.enterprise-risk.local/news/171/2
171,上海市华辰供应链有限公司（示例0171）供应链回款压力上升,每日经济新闻,negative,2024-12-15,https://demo.enterprise-risk.local/news/171/3
172,北京市启明制造有限公司（示例0172）签署重点合作项目,澎湃新闻,neutral,2026-01-08,https://demo.enterprise-risk.local/news/172/1
173,宁波市嘉禾科技有限公司（示例0173）供应链回款压力上升,财联社,negative,2024-10-07,https://demo.enterprise-risk.local/news/173/1
173,宁波市嘉禾科技有限公司（示例0173）收到行政处罚决定书,中国经营报,negative,2026-06-23,https://demo.enterprise-risk.local/news/173/2
174,上海市远航科技有限公司（示例0174）完成新一轮融资,中国经营报,neutral,2025-09-27,https://demo.enterprise-risk.local/news/174/1
174,上海市远航科技有限公司（示例0174）收到行政处罚决定书,中国经营报,negative,2024-09-19,https://demo.enterprise-risk.local/news/174/2
175,武汉市智联信息技术有限公司（示例0175）完成新一轮融资,中国经营报,neutral,2025-11-27,https://demo.enterprise-risk.local/news/175/1
175,武汉市智联信息技术有限公司（示例0175）主营业务持续增长,中国经营报,neutral,2026-02-07,https://demo.enterprise-risk.local/news/175/2
176,东莞市智联制造有限公司（示例0176）因合同纠纷被起诉,澎湃新闻,negative,2024-10-25,https://demo.enterprise-risk.local/news/176/1
176,东莞市智联制造有限公司（示例0176）发布年度增长计划,财联社,neutral,2026-05-09,https://demo.enterprise-risk.local/news/176/2
177,南京市嘉禾信息技术有限公司（示例0177）经营波动引发市场关注,每日经济新闻,negative,2025-12-22,https://demo.enterprise-risk.local/news/177/1
178,无锡市启明供应链有限公司（示例0178）签署重点合作项目,财联社,neutral,2026-02-04,https://demo.enterprise-risk.local/news/178/1
178,无锡市启明供应链有限公司（示例0178）主营业务持续增长,财联社,neutral,2025-04-02,https://demo.enterprise-risk.local/news/178/2
178,无锡市启明供应链有限公司（示例0178）完成新一轮融资,每日经济新闻,positive,2024-12-29,https://demo.enterprise-risk.local/news/178/3
179,北京市博远制造有限公司（示例0179）收到行政处罚决定书,每日经济新闻,negative,2026-01-22,https://demo.enterprise-risk.local/news/179/1
180,杭州市智联信息技术有限公司（示例0180）完成新一轮融资,每日经济新闻,positive,2024-09-12,https://demo.enterprise-risk.local/news/180/1
180,杭州市智联信息技术有限公司（示例0180）签署重点合作项目,证券时报,neutral,2024-10-24,https://demo.enterprise-risk.local/news/180/2
180,杭州市智联信息技术有限公司（示例0180）发布年度增长计划,财联社,neutral,2026-06-09,https://demo.enterprise-risk.local/news/180/3
180,杭州市智联信息技术有限公司（示例0180）签署重点合作项目,证券时报,neutral,2025-02-09,https://demo.enterprise-risk.local/news/180/4
181,北京市联盛制造有限公司（示例0181）供应链回款压力上升,澎湃新闻,negative,2025-02-06,https://demo.enterprise-risk.local/news/181/1
181,北京市联盛制造有限公司（示例0181）完成新一轮融资,每日经济新闻,positive,2024-08-26,https://demo.enterprise-risk.local/news/181/2
181,北京市联盛制造有限公司（示例0181）签署重点合作项目,中国经营报,neutral,2025-08-22,https://demo.enterprise-risk.local/news/181/3
182,济南市安信信息技术有限公司（示例0182）主营业务持续增长,每日经济新闻,neutral,2026-01-31,https://demo.enterprise-risk.local/news/182/1
182,济南市安信信息技术有限公司（示例0182）签署重点合作项目,证券时报,neutral,2024-12-27,https://demo.enterprise-risk.local/news/182/2
183,北京市博远信息技术有限公司（示例0183）供应链回款压力上升,中国经营报,negative,2026-07-13,https://demo.enterprise-risk.local/news/183/1
184,广州市嘉禾信息技术有限公司（示例0184）发布年度增长计划,中国经营报,neutral,2024-08-14,https://demo.enterprise-risk.local/news/184/1
184,广州市嘉禾信息技术有限公司（示例0184）主营业务持续增长,财联社,positive,2026-07-18,https://demo.enterprise-risk.local/news/184/2
184,广州市嘉禾信息技术有限公司（示例0184）完成新一轮融资,澎湃新闻,positive,2025-09-28,https://demo.enterprise-risk.local/news/184/3
184,广州市嘉禾信息技术有限公司（示例0184）主营业务持续增长,每日经济新闻,positive,2026-05-05,https://demo.enterprise-risk.local/news/184/4
185,宜昌市嘉禾信息技术有限公司（示例0185）收到行政处罚决定书,财联社,negative,2026-06-24,https://demo.enterprise-risk.local/news/185/1
185,宜昌市嘉禾信息技术有限公司（示例0185）主营业务持续增长,证券时报,neutral,2025-12-29,https://demo.enterprise-risk.local/news/185/2
185,宜昌市嘉禾信息技术有限公司（示例0185）发布年度增长计划,中国经营报,positive,2025-05-29,https://demo.enterprise-risk.local/news/185/3
185,宜昌市嘉禾信息技术有限公司（示例0185）主营业务持续增长,证券时报,neutral,2025-02-15,https://demo.enterprise-risk.local/news/185/4
186,青岛市华辰供应链有限公司（示例0186）供应链回款压力上升,每日经济新闻,negative,2025-03-15,https://demo.enterprise-risk.local/news/186/1
186,青岛市华辰供应链有限公司（示例0186）签署重点合作项目,财联社,neutral,2026-04-20,https://demo.enterprise-risk.local/news/186/2
186,青岛市华辰供应链有限公司（示例0186）供应链回款压力上升,中国经营报,negative,2025-06-23,https://demo.enterprise-risk.local/news/186/3
187,上海市远航制造有限公司（示例0187）发布年度增长计划,澎湃新闻,positive,2024-10-18,https://demo.enterprise-risk.local/news/187/1
187,上海市远航制造有限公司（示例0187）经营波动引发市场关注,中国经营报,negative,2024-08-09,https://demo.enterprise-risk.local/news/187/2
187,上海市远航制造有限公司（示例0187）签署重点合作项目,财联社,neutral,2025-01-28,https://demo.enterprise-risk.local/news/187/3
188,东莞市中科科技有限公司（示例0188）完成新一轮融资,中国经营报,positive,2024-09-30,https://demo.enterprise-risk.local/news/188/1
188,东莞市中科科技有限公司（示例0188）主营业务持续增长,中国经营报,positive,2026-01-15,https://demo.enterprise-risk.local/news/188/2
188,东莞市中科科技有限公司（示例0188）经营波动引发市场关注,证券时报,negative,2024-08-20,https://demo.enterprise-risk.local/news/188/3
188,东莞市中科科技有限公司（示例0188）签署重点合作项目,财联社,positive,2026-02-14,https://demo.enterprise-risk.local/news/188/4
189,杭州市启明信息技术有限公司（示例0189）签署重点合作项目,澎湃新闻,positive,2026-03-27,https://demo.enterprise-risk.local/news/189/1
190,成都市联盛信息技术有限公司（示例0190）发布年度增长计划,财联社,neutral,2026-04-04,https://demo.enterprise-risk.local/news/190/1
190,成都市联盛信息技术有限公司（示例0190）发布年度增长计划,每日经济新闻,neutral,2024-12-09,https://demo.enterprise-risk.local/news/190/2
191,广州市嘉禾科技有限公司（示例0191）因合同纠纷被起诉,澎湃新闻,negative,2026-06-13,https://demo.enterprise-risk.local/news/191/1
192,宜昌市远航供应链有限公司（示例0192）收到行政处罚决定书,每日经济新闻,negative,2024-10-30,https://demo.enterprise-risk.local/news/192/1
192,宜昌市远航供应链有限公司（示例0192）发布年度增长计划,中国经营报,positive,2025-12-10,https://demo.enterprise-risk.local/news/192/2
192,宜昌市远航供应链有限公司（示例0192）完成新一轮融资,澎湃新闻,neutral,2025-04-17,https://demo.enterprise-risk.local/news/192/3
193,无锡市启明制造有限公司（示例0193）主营业务持续增长,中国经营报,positive,2025-07-04,https://demo.enterprise-risk.local/news/193/1
193,无锡市启明制造有限公司（示例0193）签署重点合作项目,每日经济新闻,positive,2024-11-29,https://demo.enterprise-risk.local/news/193/2
194,深圳市恒泰制造有限公司（示例0194）主营业务持续增长,中国经营报,neutral,2025-07-17,https://demo.enterprise-risk.local/news/194/1
194,深圳市恒泰制造有限公司（示例0194）主营业务持续增长,财联社,positive,2026-05-06,https://demo.enterprise-risk.local/news/194/2
194,深圳市恒泰制造有限公司（示例0194）经营波动引发市场关注,中国经营报,negative,2024-08-30,https://demo.enterprise-risk.local/news/194/3
195,宁波市恒泰信息技术有限公司（示例0195）因合同纠纷被起诉,财联社,negative,2024-08-05,https://demo.enterprise-risk.local/news/195/1
196,宜昌市华辰科技有限公司（示例0196）供应链回款压力上升,证券时报,negative,2025-05-27,https://demo.enterprise-risk.local/news/196/1
196,宜昌市华辰科技有限公司（示例0196）主营业务持续增长,每日经济新闻,positive,2025-12-27,https://demo.enterprise-risk.local/news/196/2
196,宜昌市华辰科技有限公司（示例0196）主营业务持续增长,每日经济新闻,neutral,2024-08-21,https://demo.enterprise-risk.local/news/196/3
196,宜昌市华辰科技有限公司（示例0196）完成新一轮融资,财联社,positive,2025-12-26,https://demo.enterprise-risk.local/news/196/4
197,北京市智联制造有限公司（示例0197）完成新一轮融资,中国经营报,positive,2025-12-22,https://demo.enterprise-risk.local/news/197/1
197,北京市智联制造有限公司（示例0197）收到行政处罚决定书,中国经营报,negative,2024-08-10,https://demo.enterprise-risk.local/news/197/2
197,北京市智联制造有限公司（示例0197）收到行政处罚决定书,财联社,negative,2026-06-24,https://demo.enterprise-risk.local/news/197/3
198,成都市智联科技有限公司（示例0198）完成新一轮融资,证券时报,positive,2026-05-19,https://demo.enterprise-risk.local/news/198/1
198,成都市智联科技有限公司（示例0198）完成新一轮融资,澎湃新闻,positive,2025-10-19,https://demo.enterprise-risk.local/news/198/2
199,绵阳市联盛科技有限公司（示例0199）发布年度增长计划,每日经济新闻,positive,2024-12-22,https://demo.enterprise-risk.local/news/199/1
199,绵阳市联盛科技有限公司（示例0199）收到行政处罚决定书,每日经济新闻,negative,2026-01-21,https://demo.enterprise-risk.local/news/199/2
199,绵阳市联盛科技有限公司（示例0199）签署重点合作项目,澎湃新闻,neutral,2025-07-11,https://demo.enterprise-risk.local/news/199/3
199,绵阳市联盛科技有限公司（示例0199）经营波动引发市场关注,每日经济新闻,negative,2025-10-17,https://demo.enterprise-risk.local/news/199/4
200,上海市博远科技有限公司（示例0200）因合同纠纷被起诉,财联社,negative,2025-05-25,https://demo.enterprise-risk.local/news/200/1
200,上海市博远科技有限公司（示例0200）收到行政处罚决定书,财联社,negative,2024-10-02,https://demo.enterprise-risk.local/news/200/2
200,上海市博远科技有限公司（示例0200）主营业务持续增长,每日经济新闻,neutral,2025-04-04,https://demo.enterprise-risk.local/news/200/3
200,上海市博远科技有限公司（示例0200）完成新一轮融资,澎湃新闻,neutral,2026-01-28,https://demo.enterprise-risk.local/news/200/4
201,绵阳市联盛信息技术有限公司（示例0201）发布年度增长计划,证券时报,neutral,2026-04-01,https://demo.enterprise-risk.local/news/201/1
201,绵阳市联盛信息技术有限公司（示例0201）完成新一轮融资,每日经济新闻,positive,2026-04-22,https://demo.enterprise-risk.local/news/201/2
202,温州市启明科技有限公司（示例0202）经营波动引发市场关注,财联社,negative,2025-12-05,https://demo.enterprise-risk.local/news/202/1
202,温州市启明科技有限公司（示例0202）供应链回款压力上升,澎湃新闻,negative,2025-02-20,https://demo.enterprise-risk.local/news/202/2
202,温州市启明科技有限公司（示例0202）完成新一轮融资,中国经营报,positive,2025-09-30,https://demo.enterprise-risk.local/news/202/3
203,广州市智联科技有限公司（示例0203）签署重点合作项目,证券时报,neutral,2026-02-13,https://demo.enterprise-risk.local/news/203/1
203,广州市智联科技有限公司（示例0203）完成新一轮融资,澎湃新闻,neutral,2025-12-15,https://demo.enterprise-risk.local/news/203/2
204,深圳市中科供应链有限公司（示例0204）完成新一轮融资,每日经济新闻,neutral,2024-11-11,https://demo.enterprise-risk.local/news/204/1
204,深圳市中科供应链有限公司（示例0204）完成新一轮融资,澎湃新闻,neutral,2025-11-08,https://demo.enterprise-risk.local/news/204/2
205,上海市安信制造有限公司（示例0205）发布年度增长计划,澎湃新闻,positive,2025-07-06,https://demo.enterprise-risk.local/news/205/1
206,绵阳市智联科技有限公司（示例0206）发布年度增长计划,证券时报,positive,2026-03-14,https://demo.enterprise-risk.local/news/206/1
206,绵阳市智联科技有限公司（示例0206）主营业务持续增长,中国经营报,positive,2026-07-18,https://demo.enterprise-risk.local/news/206/2
207,东莞市智联制造有限公司（示例0207）完成新一轮融资,每日经济新闻,neutral,2026-06-02,https://demo.enterprise-risk.local/news/207/1
207,东莞市智联制造有限公司（示例0207）发布年度增长计划,每日经济新闻,positive,2025-05-31,https://demo.enterprise-risk.local/news/207/2
207,东莞市智联制造有限公司（示例0207）签署重点合作项目,财联社,neutral,2024-10-31,https://demo.enterprise-risk.local/news/207/3
207,东莞市智联制造有限公司（示例0207）经营波动引发市场关注,财联社,negative,2025-06-28,https://demo.enterprise-risk.local/news/207/4
208,宁波市安信信息技术有限公司（示例0208）发布年度增长计划,中国经营报,neutral,2025-08-23,https://demo.enterprise-risk.local/news/208/1
208,宁波市安信信息技术有限公司（示例0208）完成新一轮融资,澎湃新闻,positive,2024-10-07,https://demo.enterprise-risk.local/news/208/2
208,宁波市安信信息技术有限公司（示例0208）主营业务持续增长,每日经济新闻,neutral,2025-10-25,https://demo.enterprise-risk.local/news/208/3
209,南京市博远科技有限公司（示例0209）收到行政处罚决定书,中国经营报,negative,2026-06-09,https://demo.enterprise-risk.local/news/209/1
209,南京市博远科技有限公司（示例0209）因合同纠纷被起诉,中国经营报,negative,2026-01-17,https://demo.enterprise-risk.local/news/209/2
209,南京市博远科技有限公司（示例0209）收到行政处罚决定书,中国经营报,negative,2025-11-17,https://demo.enterprise-risk.local/news/209/3
210,上海市华辰信息技术有限公司（示例0210）主营业务持续增长,中国经营报,neutral,2026-03-20,https://demo.enterprise-risk.local/news/210/1
210,上海市华辰信息技术有限公司（示例0210）主营业务持续增长,财联社,positive,2026-07-04,https://demo.enterprise-risk.local/news/210/2
210,上海市华辰信息技术有限公司（示例0210）因合同纠纷被起诉,财联社,negative,2025-01-26,https://demo.enterprise-risk.local/news/210/3
211,武汉市华辰制造有限公司（示例0211）因合同纠纷被起诉,中国经营报,negative,2026-07-22,https://demo.enterprise-risk.local/news/211/1
211,武汉市华辰制造有限公司（示例0211）发布年度增长计划,每日经济新闻,neutral,2026-02-19,https://demo.enterprise-risk.local/news/211/2
211,武汉市华辰制造有限公司（示例0211）主营业务持续增长,每日经济新闻,positive,2025-12-16,https://demo.enterprise-risk.local/news/211/3
211,武汉市华辰制造有限公司（示例0211）完成新一轮融资,澎湃新闻,neutral,2025-09-17,https://demo.enterprise-risk.local/news/211/4
212,温州市华辰信息技术有限公司（示例0212）主营业务持续增长,中国经营报,neutral,2025-06-03,https://demo.enterprise-risk.local/news/212/1
212,温州市华辰信息技术有限公司（示例0212）签署重点合作项目,澎湃新闻,positive,2025-05-06,https://demo.enterprise-risk.local/news/212/2
212,温州市华辰信息技术有限公司（示例0212）完成新一轮融资,财联社,neutral,2026-01-03,https://demo.enterprise-risk.local/news/212/3
213,南京市安信制造有限公司（示例0213）供应链回款压力上升,澎湃新闻,negative,2025-12-09,https://demo.enterprise-risk.local/news/213/1
213,南京市安信制造有限公司（示例0213）主营业务持续增长,证券时报,positive,2025-03-29,https://demo.enterprise-risk.local/news/213/2
213,南京市安信制造有限公司（示例0213）因合同纠纷被起诉,财联社,negative,2025-01-15,https://demo.enterprise-risk.local/news/213/3
213,南京市安信制造有限公司（示例0213）收到行政处罚决定书,每日经济新闻,negative,2025-11-26,https://demo.enterprise-risk.local/news/213/4
214,绵阳市智联科技有限公司（示例0214）签署重点合作项目,证券时报,positive,2026-06-11,https://demo.enterprise-risk.local/news/214/1
215,上海市华辰供应链有限公司（示例0215）发布年度增长计划,证券时报,neutral,2025-03-22,https://demo.enterprise-risk.local/news/215/1
215,上海市华辰供应链有限公司（示例0215）签署重点合作项目,证券时报,positive,2024-09-26,https://demo.enterprise-risk.local/news/215/2
215,上海市华辰供应链有限公司（示例0215）完成新一轮融资,财联社,neutral,2026-05-04,https://demo.enterprise-risk.local/news/215/3
216,北京市恒泰信息技术有限公司（示例0216）主营业务持续增长,证券时报,neutral,2025-04-09,https://demo.enterprise-risk.local/news/216/1
216,北京市恒泰信息技术有限公司（示例0216）签署重点合作项目,每日经济新闻,positive,2024-08-23,https://demo.enterprise-risk.local/news/216/2
216,北京市恒泰信息技术有限公司（示例0216）主营业务持续增长,财联社,neutral,2025-09-29,https://demo.enterprise-risk.local/news/216/3
216,北京市恒泰信息技术有限公司（示例0216）收到行政处罚决定书,澎湃新闻,negative,2025-09-08,https://demo.enterprise-risk.local/news/216/4
217,无锡市嘉禾信息技术有限公司（示例0217）收到行政处罚决定书,证券时报,negative,2025-10-17,https://demo.enterprise-risk.local/news/217/1
217,无锡市嘉禾信息技术有限公司（示例0217）完成新一轮融资,中国经营报,neutral,2026-05-22,https://demo.enterprise-risk.local/news/217/2
218,青岛市博远科技有限公司（示例0218）完成新一轮融资,财联社,neutral,2026-02-23,https://demo.enterprise-risk.local/news/218/1
218,青岛市博远科技有限公司（示例0218）主营业务持续增长,澎湃新闻,neutral,2025-11-15,https://demo.enterprise-risk.local/news/218/2
218,青岛市博远科技有限公司（示例0218）因合同纠纷被起诉,证券时报,negative,2026-02-06,https://demo.enterprise-risk.local/news/218/3
219,宜昌市智联信息技术有限公司（示例0219）完成新一轮融资,财联社,neutral,2024-11-20,https://demo.enterprise-risk.local/news/219/1
219,宜昌市智联信息技术有限公司（示例0219）供应链回款压力上升,中国经营报,negative,2025-12-03,https://demo.enterprise-risk.local/news/219/2
219,宜昌市智联信息技术有限公司（示例0219）发布年度增长计划,中国经营报,positive,2026-04-19,https://demo.enterprise-risk.local/news/219/3
219,宜昌市智联信息技术有限公司（示例0219）签署重点合作项目,财联社,positive,2026-03-10,https://demo.enterprise-risk.local/news/219/4
220,无锡市启明信息技术有限公司（示例0220）签署重点合作项目,每日经济新闻,positive,2025-10-13,https://demo.enterprise-risk.local/news/220/1
221,南京市远航科技有限公司（示例0221）签署重点合作项目,澎湃新闻,neutral,2026-06-09,https://demo.enterprise-risk.local/news/221/1
221,南京市远航科技有限公司（示例0221）主营业务持续增长,财联社,neutral,2025-10-14,https://demo.enterprise-risk.local/news/221/2
222,北京市恒泰制造有限公司（示例0222）完成新一轮融资,中国经营报,positive,2026-03-06,https://demo.enterprise-risk.local/news/222/1
222,北京市恒泰制造有限公司（示例0222）因合同纠纷被起诉,澎湃新闻,negative,2025-08-31,https://demo.enterprise-risk.local/news/222/2
223,绵阳市恒泰科技有限公司（示例0223）签署重点合作项目,澎湃新闻,positive,2025-04-13,https://demo.enterprise-risk.local/news/223/1
223,绵阳市恒泰科技有限公司（示例0223）完成新一轮融资,财联社,neutral,2025-01-26,https://demo.enterprise-risk.local/news/223/2
223,绵阳市恒泰科技有限公司（示例0223）供应链回款压力上升,每日经济新闻,negative,2025-01-07,https://demo.enterprise-risk.local/news/223/3
224,温州市中科供应链有限公司（示例0224）签署重点合作项目,财联社,positive,2025-09-07,https://demo.enterprise-risk.local/news/224/1
224,温州市中科供应链有限公司（示例0224）经营波动引发市场关注,澎湃新闻,negative,2025-07-05,https://demo.enterprise-risk.local/news/224/2
225,上海市安信科技有限公司（示例0225）经营波动引发市场关注,澎湃新闻,negative,2026-04-17,https://demo.enterprise-risk.local/news/225/1
225,上海市安信科技有限公司（示例0225）签署重点合作项目,财联社,neutral,2025-09-09,https://demo.enterprise-risk.local/news/225/2
226,宁波市恒泰制造有限公司（示例0226）完成新一轮融资,证券时报,positive,2025-08-14,https://demo.enterprise-risk.local/news/226/1
227,上海市安信供应链有限公司（示例0227）供应链回款压力上升,证券时报,negative,2025-01-25,https://demo.enterprise-risk.local/news/227/1
227,上海市安信供应链有限公司（示例0227）主营业务持续增长,澎湃新闻,positive,2026-01-29,https://demo.enterprise-risk.local/news/227/2
227,上海市安信供应链有限公司（示例0227）经营波动引发市场关注,财联社,negative,2024-10-03,https://demo.enterprise-risk.local/news/227/3
228,苏州市联盛供应链有限公司（示例0228）发布年度增长计划,财联社,neutral,2026-04-16,https://demo.enterprise-risk.local/news/228/1
229,杭州市中科供应链有限公司（示例0229）完成新一轮融资,每日经济新闻,positive,2024-12-28,https://demo.enterprise-risk.local/news/229/1
229,杭州市中科供应链有限公司（示例0229）发布年度增长计划,澎湃新闻,positive,2026-01-07,https://demo.enterprise-risk.local/news/229/2
230,温州市联盛制造有限公司（示例0230）完成新一轮融资,中国经营报,neutral,2025-07-30,https://demo.enterprise-risk.local/news/230/1
231,宜昌市恒泰科技有限公司（示例0231）完成新一轮融资,澎湃新闻,positive,2026-05-30,https://demo.enterprise-risk.local/news/231/1
231,宜昌市恒泰科技有限公司（示例0231）完成新一轮融资,每日经济新闻,neutral,2025-12-15,https://demo.enterprise-risk.local/news/231/2
231,宜昌市恒泰科技有限公司（示例0231）收到行政处罚决定书,澎湃新闻,negative,2025-03-18,https://demo.enterprise-risk.local/news/231/3
231,宜昌市恒泰科技有限公司（示例0231）发布年度增长计划,证券时报,positive,2026-06-01,https://demo.enterprise-risk.local/news/231/4
232,无锡市博远制造有限公司（示例0232）经营波动引发市场关注,澎湃新闻,negative,2025-10-10,https://demo.enterprise-risk.local/news/232/1
232,无锡市博远制造有限公司（示例0232）主营业务持续增长,证券时报,neutral,2026-03-10,https://demo.enterprise-risk.local/news/232/2
233,宜昌市中科制造有限公司（示例0233）发布年度增长计划,中国经营报,neutral,2025-05-14,https://demo.enterprise-risk.local/news/233/1
233,宜昌市中科制造有限公司（示例0233）签署重点合作项目,证券时报,positive,2025-05-17,https://demo.enterprise-risk.local/news/233/2
233,宜昌市中科制造有限公司（示例0233）因合同纠纷被起诉,每日经济新闻,negative,2024-12-01,https://demo.enterprise-risk.local/news/233/3
233,宜昌市中科制造有限公司（示例0233）签署重点合作项目,证券时报,neutral,2024-08-07,https://demo.enterprise-risk.local/news/233/4
234,成都市博远制造有限公司（示例0234）主营业务持续增长,澎湃新闻,positive,2026-08-04,https://demo.enterprise-risk.local/news/234/1
235,杭州市华辰信息技术有限公司（示例0235）签署重点合作项目,每日经济新闻,neutral,2026-05-19,https://demo.enterprise-risk.local/news/235/1
236,济南市中科制造有限公司（示例0236）完成新一轮融资,证券时报,positive,2026-02-13,https://demo.enterprise-risk.local/news/236/1
236,济南市中科制造有限公司（示例0236）签署重点合作项目,澎湃新闻,positive,2026-01-31,https://demo.enterprise-risk.local/news/236/2
236,济南市中科制造有限公司（示例0236）签署重点合作项目,澎湃新闻,positive,2026-02-23,https://demo.enterprise-risk.local/news/236/3
237,深圳市安信制造有限公司（示例0237）签署重点合作项目,每日经济新闻,neutral,2025-07-13,https://demo.enterprise-risk.local/news/237/1
237,深圳市安信制造有限公司（示例0237）收到行政处罚决定书,财联社,negative,2024-10-13,https://demo.enterprise-risk.local/news/237/2
237,深圳市安信制造有限公司（示例0237）收到行政处罚决定书,中国经营报,negative,2025-03-26,https://demo.enterprise-risk.local/news/237/3
238,南京市安信科技有限公司（示例0238）完成新一轮融资,每日经济新闻,positive,2026-07-18,https://demo.enterprise-risk.local/news/238/1
239,成都市联盛供应链有限公司（示例0239）签署重点合作项目,财联社,neutral,2025-10-20,https://demo.enterprise-risk.local/news/239/1
239,成都市联盛供应链有限公司（示例0239）发布年度增长计划,中国经营报,neutral,2025-11-02,https://demo.enterprise-risk.local/news/239/2
239,成都市联盛供应链有限公司（示例0239）收到行政处罚决定书,每日经济新闻,negative,2025-02-03,https://demo.enterprise-risk.local/news/239/3
239,成都市联盛供应链有限公司（示例0239）经营波动引发市场关注,每日经济新闻,negative,2024-08-31,https://demo.enterprise-risk.local/news/239/4
240,绵阳市中科供应链有限公司（示例0240）完成新一轮融资,证券时报,neutral,2025-07-11,https://demo.enterprise-risk.local/news/240/1
240,绵阳市中科供应链有限公司（示例0240）签署重点合作项目,澎湃新闻,neutral,2025-04-29,https://demo.enterprise-risk.local/news/240/2
240,绵阳市中科供应链有限公司（示例0240）发布年度增长计划,证券时报,neutral,2026-05-26,https://demo.enterprise-risk.local/news/240/3
241,武汉市智联信息技术有限公司（示例0241）签署重点合作项目,澎湃新闻,positive,2025-12-10,https://demo.enterprise-risk.local/news/241/1
242,武汉市恒泰信息技术有限公司（示例0242）发布年度增长计划,财联社,positive,2025-10-25,https://demo.enterprise-risk.local/news/242/1
242,武汉市恒泰信息技术有限公司（示例0242）完成新一轮融资,中国经营报,positive,2024-09-04,https://demo.enterprise-risk.local/news/242/2
242,武汉市恒泰信息技术有限公司（示例0242）签署重点合作项目,中国经营报,positive,2024-10-28,https://demo.enterprise-risk.local/news/242/3
242,武汉市恒泰信息技术有限公司（示例0242）完成新一轮融资,每日经济新闻,positive,2025-08-12,https://demo.enterprise-risk.local/news/242/4
243,温州市博远科技有限公司（示例0243）发布年度增长计划,澎湃新闻,neutral,2025-03-18,https://demo.enterprise-risk.local/news/243/1
243,温州市博远科技有限公司（示例0243）发布年度增长计划,证券时报,neutral,2024-09-01,https://demo.enterprise-risk.local/news/243/2
243,温州市博远科技有限公司（示例0243）主营业务持续增长,每日经济新闻,neutral,2025-10-06,https://demo.enterprise-risk.local/news/243/3
244,东莞市安信供应链有限公司（示例0244）完成新一轮融资,澎湃新闻,neutral,2025-06-09,https://demo.enterprise-risk.local/news/244/1
244,东莞市安信供应链有限公司（示例0244）主营业务持续增长,财联社,positive,2025-01-06,https://demo.enterprise-risk.local/news/244/2
245,北京市博远供应链有限公司（示例0245）主营业务持续增长,财联社,neutral,2024-09-04,https://demo.enterprise-risk.local/news/245/1
245,北京市博远供应链有限公司（示例0245）收到行政处罚决定书,财联社,negative,2025-06-25,https://demo.enterprise-risk.local/news/245/2
246,成都市联盛供应链有限公司（示例0246）因合同纠纷被起诉,每日经济新闻,negative,2024-11-20,https://demo.enterprise-risk.local/news/246/1
246,成都市联盛供应链有限公司（示例0246）发布年度增长计划,中国经营报,positive,2025-03-03,https://demo.enterprise-risk.local/news/246/2
246,成都市联盛供应链有限公司（示例0246）发布年度增长计划,澎湃新闻,neutral,2026-01-16,https://demo.enterprise-risk.local/news/246/3
246,成都市联盛供应链有限公司（示例0246）主营业务持续增长,中国经营报,positive,2026-07-17,https://demo.enterprise-risk.local/news/246/4
247,北京市恒泰供应链有限公司（示例0247）主营业务持续增长,证券时报,positive,2025-11-09,https://demo.enterprise-risk.local/news/247/1
248,上海市启明信息技术有限公司（示例0248）完成新一轮融资,中国经营报,positive,2025-09-01,https://demo.enterprise-risk.local/news/248/1
248,上海市启明信息技术有限公司（示例0248）发布年度增长计划,财联社,positive,2025-04-17,https://demo.enterprise-risk.local/news/248/2
248,上海市启明信息技术有限公司（示例0248）完成新一轮融资,证券时报,positive,2025-04-17,https://demo.enterprise-risk.local/news/248/3
249,佛山市安信科技有限公司（示例0249）签署重点合作项目,财联社,neutral,2025-07-22,https://demo.enterprise-risk.local/news/249/1
250,温州市远航科技有限公司（示例0250）因合同纠纷被起诉,澎湃新闻,negative,2025-09-19,https://demo.enterprise-risk.local/news/250/1
250,温州市远航科技有限公司（示例0250）签署重点合作项目,每日经济新闻,neutral,2025-06-22,https://demo.enterprise-risk.local/news/250/2
250,温州市远航科技有限公司（示例0250）收到行政处罚决定书,每日经济新闻,negative,2026-02-26,https://demo.enterprise-risk.local/news/250/3
250,温州市远航科技有限公司（示例0250）发布年度增长计划,财联社,positive,2024-08-05,https://demo.enterprise-risk.local/news/250/4
251,青岛市华辰信息技术有限公司（示例0251）完成新一轮融资,证券时报,neutral,2025-09-06,https://demo.enterprise-risk.local/news/251/1
251,青岛市华辰信息技术有限公司（示例0251）经营波动引发市场关注,中国经营报,negative,2026-02-06,https://demo.enterprise-risk.local/news/251/2
251,青岛市华辰信息技术有限公司（示例0251）签署重点合作项目,证券时报,neutral,2024-08-31,https://demo.enterprise-risk.local/news/251/3
252,苏州市嘉禾信息技术有限公司（示例0252）发布年度增长计划,中国经营报,positive,2025-12-07,https://demo.enterprise-risk.local/news/252/1
252,苏州市嘉禾信息技术有限公司（示例0252）完成新一轮融资,每日经济新闻,positive,2025-08-27,https://demo.enterprise-risk.local/news/252/2
252,苏州市嘉禾信息技术有限公司（示例0252）发布年度增长计划,证券时报,positive,2024-09-10,https://demo.enterprise-risk.local/news/252/3
252,苏州市嘉禾信息技术有限公司（示例0252）完成新一轮融资,证券时报,neutral,2025-01-21,https://demo.enterprise-risk.local/news/252/4
253,上海市博远科技有限公司（示例0253）收到行政处罚决定书,中国经营报,negative,2025-01-08,https://demo.enterprise-risk.local/news/253/1
253,上海市博远科技有限公司（示例0253）供应链回款压力上升,澎湃新闻,negative,2026-04-05,https://demo.enterprise-risk.local/news/253/2
253,上海市博远科技有限公司（示例0253）签署重点合作项目,每日经济新闻,positive,2026-05-19,https://demo.enterprise-risk.local/news/253/3
254,宜昌市远航信息技术有限公司（示例0254）完成新一轮融资,证券时报,positive,2025-11-14,https://demo.enterprise-risk.local/news/254/1
254,宜昌市远航信息技术有限公司（示例0254）发布年度增长计划,每日经济新闻,neutral,2025-03-22,https://demo.enterprise-risk.local/news/254/2
254,宜昌市远航信息技术有限公司（示例0254）主营业务持续增长,证券时报,positive,2025-08-22,https://demo.enterprise-risk.local/news/254/3
255,上海市恒泰信息技术有限公司（示例0255）因合同纠纷被起诉,澎湃新闻,negative,2026-07-03,https://demo.enterprise-risk.local/news/255/1
255,上海市恒泰信息技术有限公司（示例0255）完成新一轮融资,财联社,neutral,2025-09-07,https://demo.enterprise-risk.local/news/255/2
255,上海市恒泰信息技术有限公司（示例0255）收到行政处罚决定书,中国经营报,negative,2025-03-15,https://demo.enterprise-risk.local/news/255/3
255,上海市恒泰信息技术有限公司（示例0255）经营波动引发市场关注,中国经营报,negative,2025-01-18,https://demo.enterprise-risk.local/news/255/4
256,宁波市中科科技有限公司（示例0256）签署重点合作项目,中国经营报,neutral,2025-02-06,https://demo.enterprise-risk.local/news/256/1
256,宁波市中科科技有限公司（示例0256）完成新一轮融资,证券时报,positive,2025-06-02,https://demo.enterprise-risk.local/news/256/2
256,宁波市中科科技有限公司（示例0256）完成新一轮融资,澎湃新闻,neutral,2025-04-07,https://demo.enterprise-risk.local/news/256/3
256,宁波市中科科技有限公司（示例0256）收到行政处罚决定书,中国经营报,negative,2024-10-09,https://demo.enterprise-risk.local/news/256/4
257,杭州市恒泰供应链有限公司（示例0257）完成新一轮融资,澎湃新闻,neutral,2025-05-25,https://demo.enterprise-risk.local/news/257/1
258,无锡市安信供应链有限公司（示例0258）完成新一轮融资,证券时报,neutral,2026-01-17,https://demo.enterprise-risk.local/news/258/1
258,无锡市安信供应链有限公司（示例0258）完成新一轮融资,证券时报,neutral,2025-01-27,https://demo.enterprise-risk.local/news/258/2
258,无锡市安信供应链有限公司（示例0258）供应链回款压力上升,财联社,negative,2024-11-18,https://demo.enterprise-risk.local/news/258/3
258,无锡市安信供应链有限公司（示例0258）收到行政处罚决定书,中国经营报,negative,2026-05-26,https://demo.enterprise-risk.local/news/258/4
259,苏州市启明信息技术有限公司（示例0259）供应链回款压力上升,每日经济新闻,negative,2024-08-24,https://demo.enterprise-risk.local/news/259/1
259,苏州市启明信息技术有限公司（示例0259）因合同纠纷被起诉,证券时报,negative,2025-08-02,https://demo.enterprise-risk.local/news/259/2
259,苏州市启明信息技术有限公司（示例0259）完成新一轮融资,澎湃新闻,positive,2024-10-24,https://demo.enterprise-risk.local/news/259/3
260,济南市安信制造有限公司（示例0260）完成新一轮融资,财联社,positive,2025-06-19,https://demo.enterprise-risk.local/news/260/1
260,济南市安信制造有限公司（示例0260）收到行政处罚决定书,每日经济新闻,negative,2024-09-29,https://demo.enterprise-risk.local/news/260/2
260,济南市安信制造有限公司（示例0260）发布年度增长计划,澎湃新闻,neutral,2024-10-16,https://demo.enterprise-risk.local/news/260/3
261,武汉市启明供应链有限公司（示例0261）因合同纠纷被起诉,证券时报,negative,2025-09-04,https://demo.enterprise-risk.local/news/261/1
261,武汉市启明供应链有限公司（示例0261）供应链回款压力上升,证券时报,negative,2026-04-30,https://demo.enterprise-risk.local/news/261/2
261,武汉市启明供应链有限公司（示例0261）主营业务持续增长,每日经济新闻,positive,2025-10-29,https://demo.enterprise-risk.local/news/261/3
262,济南市恒泰信息技术有限公司（示例0262）收到行政处罚决定书,财联社,negative,2026-01-15,https://demo.enterprise-risk.local/news/262/1
263,济南市博远制造有限公司（示例0263）签署重点合作项目,澎湃新闻,positive,2025-03-12,https://demo.enterprise-risk.local/news/263/1
263,济南市博远制造有限公司（示例0263）发布年度增长计划,财联社,positive,2025-04-30,https://demo.enterprise-risk.local/news/263/2
263,济南市博远制造有限公司（示例0263）签署重点合作项目,每日经济新闻,positive,2025-09-25,https://demo.enterprise-risk.local/news/263/3
263,济南市博远制造有限公司（示例0263）发布年度增长计划,证券时报,neutral,2025-03-26,https://demo.enterprise-risk.local/news/263/4
264,北京市嘉禾信息技术有限公司（示例0264）经营波动引发市场关注,澎湃新闻,negative,2024-12-07,https://demo.enterprise-risk.local/news/264/1
265,北京市恒泰科技有限公司（示例0265）因合同纠纷被起诉,财联社,negative,2025-03-22,https://demo.enterprise-risk.local/news/265/1
265,北京市恒泰科技有限公司（示例0265）发布年度增长计划,每日经济新闻,neutral,2024-10-20,https://demo.enterprise-risk.local/news/265/2
265,北京市恒泰科技有限公司（示例0265）完成新一轮融资,证券时报,positive,2026-07-14,https://demo.enterprise-risk.local/news/265/3
266,佛山市安信制造有限公司（示例0266）收到行政处罚决定书,财联社,negative,2026-03-14,https://demo.enterprise-risk.local/news/266/1
266,佛山市安信制造有限公司（示例0266）签署重点合作项目,澎湃新闻,neutral,2026-03-31,https://demo.enterprise-risk.local/news/266/2
266,佛山市安信制造有限公司（示例0266）完成新一轮融资,澎湃新闻,neutral,2025-03-26,https://demo.enterprise-risk.local/news/266/3
266,佛山市安信制造有限公司（示例0266）收到行政处罚决定书,财联社,negative,2024-10-23,https://demo.enterprise-risk.local/news/266/4
267,苏州市远航制造有限公司（示例0267）主营业务持续增长,财联社,positive,2025-02-17,https://demo.enterprise-risk.local/news/267/1
268,温州市安信供应链有限公司（示例0268）完成新一轮融资,证券时报,neutral,2024-08-18,https://demo.enterprise-risk.local/news/268/1
269,北京市启明供应链有限公司（示例0269）签署重点合作项目,每日经济新闻,positive,2024-08-29,https://demo.enterprise-risk.local/news/269/1
269,北京市启明供应链有限公司（示例0269）收到行政处罚决定书,财联社,negative,2025-05-20,https://demo.enterprise-risk.local/news/269/2
270,济南市远航供应链有限公司（示例0270）完成新一轮融资,财联社,neutral,2025-01-06,https://demo.enterprise-risk.local/news/270/1
270,济南市远航供应链有限公司（示例0270）完成新一轮融资,澎湃新闻,neutral,2025-05-06,https://demo.enterprise-risk.local/news/270/2
270,济南市远航供应链有限公司（示例0270）供应链回款压力上升,证券时报,negative,2025-12-19,https://demo.enterprise-risk.local/news/270/3
271,济南市智联信息技术有限公司（示例0271）收到行政处罚决定书,每日经济新闻,negative,2026-02-02,https://demo.enterprise-risk.local/news/271/1
271,济南市智联信息技术有限公司（示例0271）收到行政处罚决定书,中国经营报,negative,2026-02-21,https://demo.enterprise-risk.local/news/271/2
272,无锡市远航供应链有限公司（示例0272）主营业务持续增长,证券时报,positive,2025-05-03,https://demo.enterprise-risk.local/news/272/1
272,无锡市远航供应链有限公司（示例0272）发布年度增长计划,每日经济新闻,neutral,2025-05-02,https://demo.enterprise-risk.local/news/272/2
272,无锡市远航供应链有限公司（示例0272）发布年度增长计划,澎湃新闻,neutral,2025-04-16,https://demo.enterprise-risk.local/news/272/3
272,无锡市远航供应链有限公司（示例0272）签署重点合作项目,财联社,neutral,2026-08-01,https://demo.enterprise-risk.local/news/272/4
273,宁波市嘉禾信息技术有限公司（示例0273）签署重点合作项目,财联社,positive,2024-10-11,https://demo.enterprise-risk.local/news/273/1
273,宁波市嘉禾信息技术有限公司（示例0273）主营业务持续增长,每日经济新闻,positive,2024-10-21,https://demo.enterprise-risk.local/news/273/2
273,宁波市嘉禾信息技术有限公司（示例0273）收到行政处罚决定书,证券时报,negative,2024-10-14,https://demo.enterprise-risk.local/news/273/3
273,宁波市嘉禾信息技术有限公司（示例0273）收到行政处罚决定书,澎湃新闻,negative,2026-01-02,https://demo.enterprise-risk.local/news/273/4
274,济南市博远供应链有限公司（示例0274）主营业务持续增长,澎湃新闻,positive,2025-12-28,https://demo.enterprise-risk.local/news/274/1
275,武汉市华辰制造有限公司（示例0275）主营业务持续增长,每日经济新闻,neutral,2024-11-09,https://demo.enterprise-risk.local/news/275/1
275,武汉市华辰制造有限公司（示例0275）发布年度增长计划,证券时报,positive,2024-09-14,https://demo.enterprise-risk.local/news/275/2
275,武汉市华辰制造有限公司（示例0275）签署重点合作项目,每日经济新闻,positive,2025-12-04,https://demo.enterprise-risk.local/news/275/3
276,苏州市恒泰制造有限公司（示例0276）主营业务持续增长,每日经济新闻,neutral,2025-02-27,https://demo.enterprise-risk.local/news/276/1
277,青岛市恒泰制造有限公司（示例0277）签署重点合作项目,澎湃新闻,neutral,2025-09-21,https://demo.enterprise-risk.local/news/277/1
277,青岛市恒泰制造有限公司（示例0277）收到行政处罚决定书,中国经营报,negative,2026-07-24,https://demo.enterprise-risk.local/news/277/2
277,青岛市恒泰制造有限公司（示例0277）经营波动引发市场关注,每日经济新闻,negative,2026-04-20,https://demo.enterprise-risk.local/news/277/3
278,北京市远航供应链有限公司（示例0278）签署重点合作项目,财联社,positive,2025-11-02,https://demo.enterprise-risk.local/news/278/1
279,绵阳市恒泰科技有限公司（示例0279）主营业务持续增长,证券时报,neutral,2025-05-12,https://demo.enterprise-risk.local/news/279/1
279,绵阳市恒泰科技有限公司（示例0279）主营业务持续增长,澎湃新闻,neutral,2024-11-12,https://demo.enterprise-risk.local/news/279/2
280,济南市联盛制造有限公司（示例0280）发布年度增长计划,财联社,neutral,2025-12-22,https://demo.enterprise-risk.local/news/280/1
281,苏州市中科信息技术有限公司（示例0281）签署重点合作项目,每日经济新闻,positive,2025-12-18,https://demo.enterprise-risk.local/news/281/1
281,苏州市中科信息技术有限公司（示例0281）供应链回款压力上升,中国经营报,negative,2024-11-21,https://demo.enterprise-risk.local/news/281/2
281,苏州市中科信息技术有限公司（示例0281）签署重点合作项目,每日经济新闻,neutral,2025-12-11,https://demo.enterprise-risk.local/news/281/3
281,苏州市中科信息技术有限公司（示例0281）完成新一轮融资,财联社,neutral,2024-10-22,https://demo.enterprise-risk.local/news/281/4
282,北京市博远科技有限公司（示例0282）发布年度增长计划,证券时报,neutral,2024-08-30,https://demo.enterprise-risk.local/news/282/1
283,温州市智联供应链有限公司（示例0283）因合同纠纷被起诉,证券时报,negative,2025-08-19,https://demo.enterprise-risk.local/news/283/1
283,温州市智联供应链有限公司（示例0283）主营业务持续增长,澎湃新闻,neutral,2025-10-21,https://demo.enterprise-risk.local/news/283/2
283,温州市智联供应链有限公司（示例0283）签署重点合作项目,每日经济新闻,neutral,2025-01-27,https://demo.enterprise-risk.local/news/283/3
283,温州市智联供应链有限公司（示例0283）签署重点合作项目,中国经营报,positive,2025-10-07,https://demo.enterprise-risk.local/news/283/4
284,苏州市恒泰信息技术有限公司（示例0284）主营业务持续增长,中国经营报,positive,2026-07-29,https://demo.enterprise-risk.local/news/284/1
284,苏州市恒泰信息技术有限公司（示例0284）完成新一轮融资,每日经济新闻,positive,2026-03-04,https://demo.enterprise-risk.local/news/284/2
284,苏州市恒泰信息技术有限公司（示例0284）签署重点合作项目,澎湃新闻,neutral,2026-03-06,https://demo.enterprise-risk.local/news/284/3
285,上海市启明科技有限公司（示例0285）主营业务持续增长,澎湃新闻,neutral,2024-08-16,https://demo.enterprise-risk.local/news/285/1
285,上海市启明科技有限公司（示例0285）完成新一轮融资,澎湃新闻,neutral,2025-05-16,https://demo.enterprise-risk.local/news/285/2
285,上海市启明科技有限公司（示例0285）发布年度增长计划,证券时报,neutral,2026-04-10,https://demo.enterprise-risk.local/news/285/3
285,上海市启明科技有限公司（示例0285）签署重点合作项目,中国经营报,neutral,2025-08-25,https://demo.enterprise-risk.local/news/285/4
286,杭州市智联供应链有限公司（示例0286）因合同纠纷被起诉,证券时报,negative,2025-05-23,https://demo.enterprise-risk.local/news/286/1
286,杭州市智联供应链有限公司（示例0286）主营业务持续增长,澎湃新闻,positive,2025-09-02,https://demo.enterprise-risk.local/news/286/2
286,杭州市智联供应链有限公司（示例0286）发布年度增长计划,中国经营报,positive,2026-02-09,https://demo.enterprise-risk.local/news/286/3
286,杭州市智联供应链有限公司（示例0286）发布年度增长计划,澎湃新闻,positive,2025-08-18,https://demo.enterprise-risk.local/news/286/4
287,杭州市远航制造有限公司（示例0287）主营业务持续增长,中国经营报,neutral,2026-04-09,https://demo.enterprise-risk.local/news/287/1
287,杭州市远航制造有限公司（示例0287）因合同纠纷被起诉,中国经营报,negative,2026-07-29,https://demo.enterprise-risk.local/news/287/2
287,杭州市远航制造有限公司（示例0287）供应链回款压力上升,澎湃新闻,negative,2025-11-07,https://demo.enterprise-risk.local/news/287/3
287,杭州市远航制造有限公司（示例0287）因合同纠纷被起诉,每日经济新闻,negative,2025-09-22,https://demo.enterprise-risk.local/news/287/4
288,东莞市远航科技有限公司（示例0288）完成新一轮融资,证券时报,neutral,2026-07-25,https://demo.enterprise-risk.local/news/288/1
288,东莞市远航科技有限公司（示例0288）签署重点合作项目,每日经济新闻,positive,2026-03-07,https://demo.enterprise-risk.local/news/288/2
288,东莞市远航科技有限公司（示例0288）完成新一轮融资,澎湃新闻,positive,2026-07-09,https://demo.enterprise-risk.local/news/288/3
289,济南市华辰供应链有限公司（示例0289）签署重点合作项目,中国经营报,neutral,2025-04-27,https://demo.enterprise-risk.local/news/289/1
289,济南市华辰供应链有限公司（示例0289）因合同纠纷被起诉,中国经营报,negative,2024-12-04,https://demo.enterprise-risk.local/news/289/2
290,武汉市安信供应链有限公司（示例0290）经营波动引发市场关注,中国经营报,negative,2026-01-18,https://demo.enterprise-risk.local/news/290/1
291,上海市博远信息技术有限公司（示例0291）主营业务持续增长,每日经济新闻,neutral,2025-03-02,https://demo.enterprise-risk.local/news/291/1
292,绵阳市远航科技有限公司（示例0292）发布年度增长计划,澎湃新闻,neutral,2025-09-17,https://demo.enterprise-risk.local/news/292/1
292,绵阳市远航科技有限公司（示例0292）主营业务持续增长,澎湃新闻,positive,2026-01-19,https://demo.enterprise-risk.local/news/292/2
292,绵阳市远航科技有限公司（示例0292）供应链回款压力上升,每日经济新闻,negative,2026-04-06,https://demo.enterprise-risk.local/news/292/3
292,绵阳市远航科技有限公司（示例0292）签署重点合作项目,财联社,positive,2024-08-12,https://demo.enterprise-risk.local/news/292/4
293,上海市联盛制造有限公司（示例0293）主营业务持续增长,澎湃新闻,positive,2024-11-11,https://demo.enterprise-risk.local/news/293/1
293,上海市联盛制造有限公司（示例0293）主营业务持续增长,中国经营报,neutral,2024-08-15,https://demo.enterprise-risk.local/news/293/2
293,上海市联盛制造有限公司（示例0293）收到行政处罚决定书,中国经营报,negative,2025-08-03,https://demo.enterprise-risk.local/news/293/3
294,上海市华辰供应链有限公司（示例0294）签署重点合作项目,中国经营报,neutral,2025-06-05,https://demo.enterprise-risk.local/news/294/1
295,南京市联盛科技有限公司（示例0295）主营业务持续增长,中国经营报,positive,2025-04-25,https://demo.enterprise-risk.local/news/295/1
295,南京市联盛科技有限公司（示例0295）签署重点合作项目,每日经济新闻,positive,2025-08-28,https://demo.enterprise-risk.local/news/295/2
295,南京市联盛科技有限公司（示例0295）主营业务持续增长,中国经营报,positive,2026-06-16,https://demo.enterprise-risk.local/news/295/3
295,南京市联盛科技有限公司（示例0295）完成新一轮融资,每日经济新闻,positive,2026-06-21,https://demo.enterprise-risk.local/news/295/4
296,青岛市嘉禾供应链有限公司（示例0296）签署重点合作项目,证券时报,neutral,2025-12-09,https://demo.enterprise-risk.local/news/296/1
296,青岛市嘉禾供应链有限公司（示例0296）主营业务持续增长,中国经营报,neutral,2025-03-09,https://demo.enterprise-risk.local/news/296/2
296,青岛市嘉禾供应链有限公司（示例0296）因合同纠纷被起诉,中国经营报,negative,2026-07-20,https://demo.enterprise-risk.local/news/296/3
296,青岛市嘉禾供应链有限公司（示例0296）签署重点合作项目,澎湃新闻,positive,2025-01-06,https://demo.enterprise-risk.local/news/296/4
297,上海市中科制造有限公司（示例0297）因合同纠纷被起诉,每日经济新闻,negative,2025-08-10,https://demo.enterprise-risk.local/news/297/1
297,上海市中科制造有限公司（示例0297）供应链回款压力上升,证券时报,negative,2026-02-18,https://demo.enterprise-risk.local/news/297/2
298,成都市华辰供应链有限公司（示例0298）完成新一轮融资,每日经济新闻,positive,2026-02-20,https://demo.enterprise-risk.local/news/298/1
298,成都市华辰供应链有限公司（示例0298）收到行政处罚决定书,中国经营报,negative,2025-05-10,https://demo.enterprise-risk.local/news/298/2
298,成都市华辰供应链有限公司（示例0298）主营业务持续增长,澎湃新闻,neutral,2026-05-15,https://demo.enterprise-risk.local/news/298/3
298,成都市华辰供应链有限公司（示例0298）供应链回款压力上升,中国经营报,negative,2025-06-07,https://demo.enterprise-risk.local/news/298/4
299,南京市博远制造有限公司（示例0299）主营业务持续增长,中国经营报,neutral,2026-05-12,https://demo.enterprise-risk.local/news/299/1
299,南京市博远制造有限公司（示例0299）主营业务持续增长,澎湃新闻,neutral,2025-08-11,https://demo.enterprise-risk.local/news/299/2
299,南京市博远制造有限公司（示例0299）主营业务持续增长,财联社,positive,2026-06-01,https://demo.enterprise-risk.local/news/299/3
300,北京市中科信息技术有限公司（示例0300）主营业务持续增长,财联社,neutral,2026-01-17,https://demo.enterprise-risk.local/news/300/1
300,北京市中科信息技术有限公司（示例0300）发布年度增长计划,澎湃新闻,neutral,2026-02-10,https://demo.enterprise-risk.local/news/300/2
300,北京市中科信息技术有限公司（示例0300）完成新一轮融资,中国经营报,neutral,2026-06-16,https://demo.enterprise-risk.local/news/300/3
300,北京市中科信息技术有限公司（示例0300）发布年度增长计划,财联社,neutral,2024-09-30,https://demo.enterprise-risk.local/news/300/4
301,北京市华辰信息技术有限公司（示例0301）发布年度增长计划,澎湃新闻,positive,2025-01-15,https://demo.enterprise-risk.local/news/301/1
301,北京市华辰信息技术有限公司（示例0301）签署重点合作项目,中国经营报,neutral,2025-02-04,https://demo.enterprise-risk.local/news/301/2
301,北京市华辰信息技术有限公司（示例0301）主营业务持续增长,证券时报,positive,2026-05-25,https://demo.enterprise-risk.local/news/301/3
302,北京市中科信息技术有限公司（示例0302）完成新一轮融资,财联社,positive,2026-06-02,https://demo.enterprise-risk.local/news/302/1
302,北京市中科信息技术有限公司（示例0302）完成新一轮融资,财联社,neutral,2026-01-03,https://demo.enterprise-risk.local/news/302/2
302,北京市中科信息技术有限公司（示例0302）发布年度增长计划,澎湃新闻,neutral,2026-02-21,https://demo.enterprise-risk.local/news/302/3
303,上海市远航制造有限公司（示例0303）主营业务持续增长,中国经营报,positive,2026-07-10,https://demo.enterprise-risk.local/news/303/1
303,上海市远航制造有限公司（示例0303）因合同纠纷被起诉,中国经营报,negative,2024-12-19,https://demo.enterprise-risk.local/news/303/2
303,上海市远航制造有限公司（示例0303）因合同纠纷被起诉,证券时报,negative,2025-09-10,https://demo.enterprise-risk.local/news/303/3
304,成都市中科科技有限公司（示例0304）主营业务持续增长,每日经济新闻,positive,2024-12-11,https://demo.enterprise-risk.local/news/304/1
304,成都市中科科技有限公司（示例0304）收到行政处罚决定书,澎湃新闻,negative,2025-05-26,https://demo.enterprise-risk.local/news/304/2
304,成都市中科科技有限公司（示例0304）签署重点合作项目,证券时报,neutral,2024-12-24,https://demo.enterprise-risk.local/news/304/3
305,佛山市联盛科技有限公司（示例0305）因合同纠纷被起诉,证券时报,negative,2025-03-13,https://demo.enterprise-risk.local/news/305/1
306,武汉市博远科技有限公司（示例0306）完成新一轮融资,证券时报,neutral,2025-06-08,https://demo.enterprise-risk.local/news/306/1
306,武汉市博远科技有限公司（示例0306）主营业务持续增长,澎湃新闻,positive,2024-12-24,https://demo.enterprise-risk.local/news/306/2
306,武汉市博远科技有限公司（示例0306）发布年度增长计划,财联社,positive,2025-04-03,https://demo.enterprise-risk.local/news/306/3
307,绵阳市嘉禾制造有限公司（示例0307）主营业务持续增长,澎湃新闻,positive,2026-05-02,https://demo.enterprise-risk.local/news/307/1
308,广州市恒泰信息技术有限公司（示例0308）发布年度增长计划,证券时报,neutral,2024-08-23,https://demo.enterprise-risk.local/news/308/1
309,北京市智联供应链有限公司（示例0309）完成新一轮融资,中国经营报,neutral,2024-10-15,https://demo.enterprise-risk.local/news/309/1
309,北京市智联供应链有限公司（示例0309）签署重点合作项目,证券时报,neutral,2025-09-22,https://demo.enterprise-risk.local/news/309/2
310,佛山市华辰信息技术有限公司（示例0310）主营业务持续增长,中国经营报,positive,2026-01-27,https://demo.enterprise-risk.local/news/310/1
310,佛山市华辰信息技术有限公司（示例0310）完成新一轮融资,中国经营报,positive,2024-09-26,https://demo.enterprise-risk.local/news/310/2
310,佛山市华辰信息技术有限公司（示例0310）完成新一轮融资,财联社,neutral,2025-06-15,https://demo.enterprise-risk.local/news/310/3
310,佛山市华辰信息技术有限公司（示例0310）收到行政处罚决定书,财联社,negative,2026-07-13,https://demo.enterprise-risk.local/news/310/4
311,北京市联盛供应链有限公司（示例0311）主营业务持续增长,澎湃新闻,neutral,2025-01-13,https://demo.enterprise-risk.local/news/311/1
311,北京市联盛供应链有限公司（示例0311）供应链回款压力上升,每日经济新闻,negative,2025-08-18,https://demo.enterprise-risk.local/news/311/2
311,北京市联盛供应链有限公司（示例0311）主营业务持续增长,澎湃新闻,positive,2026-04-19,https://demo.enterprise-risk.local/news/311/3
312,上海市联盛科技有限公司（示例0312）收到行政处罚决定书,每日经济新闻,negative,2025-01-30,https://demo.enterprise-risk.local/news/312/1
313,绵阳市华辰供应链有限公司（示例0313）因合同纠纷被起诉,财联社,negative,2024-12-26,https://demo.enterprise-risk.local/news/313/1
314,佛山市安信信息技术有限公司（示例0314）收到行政处罚决定书,每日经济新闻,negative,2025-11-27,https://demo.enterprise-risk.local/news/314/1
314,佛山市安信信息技术有限公司（示例0314）供应链回款压力上升,中国经营报,negative,2025-07-12,https://demo.enterprise-risk.local/news/314/2
315,上海市博远制造有限公司（示例0315）发布年度增长计划,证券时报,positive,2024-08-31,https://demo.enterprise-risk.local/news/315/1
315,上海市博远制造有限公司（示例0315）发布年度增长计划,证券时报,neutral,2025-10-19,https://demo.enterprise-risk.local/news/315/2
315,上海市博远制造有限公司（示例0315）签署重点合作项目,每日经济新闻,positive,2024-08-12,https://demo.enterprise-risk.local/news/315/3
315,上海市博远制造有限公司（示例0315）主营业务持续增长,澎湃新闻,positive,2024-09-17,https://demo.enterprise-risk.local/news/315/4
316,济南市中科信息技术有限公司（示例0316）供应链回款压力上升,澎湃新闻,negative,2026-07-26,https://demo.enterprise-risk.local/news/316/1
317,宜昌市远航供应链有限公司（示例0317）因合同纠纷被起诉,澎湃新闻,negative,2024-08-08,https://demo.enterprise-risk.local/news/317/1
318,宁波市恒泰制造有限公司（示例0318）发布年度增长计划,澎湃新闻,neutral,2026-03-24,https://demo.enterprise-risk.local/news/318/1
319,无锡市华辰供应链有限公司（示例0319）完成新一轮融资,每日经济新闻,neutral,2025-12-16,https://demo.enterprise-risk.local/news/319/1
319,无锡市华辰供应链有限公司（示例0319）完成新一轮融资,证券时报,neutral,2026-01-16,https://demo.enterprise-risk.local/news/319/2
319,无锡市华辰供应链有限公司（示例0319）完成新一轮融资,每日经济新闻,positive,2024-12-22,https://demo.enterprise-risk.local/news/319/3
319,无锡市华辰供应链有限公司（示例0319）收到行政处罚决定书,澎湃新闻,negative,2025-10-18,https://demo.enterprise-risk.local/news/319/4
320,上海市恒泰制造有限公司（示例0320）完成新一轮融资,每日经济新闻,neutral,2025-03-29,https://demo.enterprise-risk.local/news/320/1
320,上海市恒泰制造有限公司（示例0320）签署重点合作项目,每日经济新闻,positive,2025-09-02,https://demo.enterprise-risk.local/news/320/2
321,上海市智联制造有限公司（示例0321）经营波动引发市场关注,财联社,negative,2026-04-30,https://demo.enterprise-risk.local/news/321/1
321,上海市智联制造有限公司（示例0321）供应链回款压力上升,澎湃新闻,negative,2026-07-19,https://demo.enterprise-risk.local/news/321/2
321,上海市智联制造有限公司（示例0321）收到行政处罚决定书,每日经济新闻,negative,2026-05-12,https://demo.enterprise-risk.local/news/321/3
322,东莞市嘉禾制造有限公司（示例0322）签署重点合作项目,澎湃新闻,neutral,2025-10-10,https://demo.enterprise-risk.local/news/322/1
322,东莞市嘉禾制造有限公司（示例0322）完成新一轮融资,证券时报,neutral,2024-10-30,https://demo.enterprise-risk.local/news/322/2
322,东莞市嘉禾制造有限公司（示例0322）完成新一轮融资,澎湃新闻,neutral,2025-11-08,https://demo.enterprise-risk.local/news/322/3
323,武汉市华辰制造有限公司（示例0323）主营业务持续增长,每日经济新闻,positive,2026-01-29,https://demo.enterprise-risk.local/news/323/1
323,武汉市华辰制造有限公司（示例0323）主营业务持续增长,证券时报,neutral,2024-10-01,https://demo.enterprise-risk.local/news/323/2
324,青岛市远航科技有限公司（示例0324）发布年度增长计划,澎湃新闻,neutral,2026-05-12,https://demo.enterprise-risk.local/news/324/1
324,青岛市远航科技有限公司（示例0324）主营业务持续增长,中国经营报,neutral,2025-12-28,https://demo.enterprise-risk.local/news/324/2
324,青岛市远航科技有限公司（示例0324）签署重点合作项目,证券时报,positive,2025-12-22,https://demo.enterprise-risk.local/news/324/3
325,上海市中科制造有限公司（示例0325）收到行政处罚决定书,证券时报,negative,2025-08-14,https://demo.enterprise-risk.local/news/325/1
325,上海市中科制造有限公司（示例0325）完成新一轮融资,证券时报,neutral,2024-09-18,https://demo.enterprise-risk.local/news/325/2
325,上海市中科制造有限公司（示例0325）签署重点合作项目,中国经营报,positive,2025-05-21,https://demo.enterprise-risk.local/news/325/3
325,上海市中科制造有限公司（示例0325）发布年度增长计划,中国经营报,positive,2024-12-22,https://demo.enterprise-risk.local/news/325/4
326,广州市安信制造有限公司（示例0326）发布年度增长计划,中国经营报,neutral,2025-11-19,https://demo.enterprise-risk.local/news/326/1
326,广州市安信制造有限公司（示例0326）签署重点合作项目,澎湃新闻,positive,2026-07-03,https://demo.enterprise-risk.local/news/326/2
326,广州市安信制造有限公司（示例0326）完成新一轮融资,财联社,neutral,2024-08-24,https://demo.enterprise-risk.local/news/326/3
327,深圳市智联信息技术有限公司（示例0327）完成新一轮融资,证券时报,positive,2025-10-08,https://demo.enterprise-risk.local/news/327/1
327,深圳市智联信息技术有限公司（示例0327）完成新一轮融资,证券时报,neutral,2025-07-23,https://demo.enterprise-risk.local/news/327/2
328,宜昌市嘉禾制造有限公司（示例0328）主营业务持续增长,中国经营报,neutral,2025-03-08,https://demo.enterprise-risk.local/news/328/1
329,无锡市博远信息技术有限公司（示例0329）签署重点合作项目,每日经济新闻,neutral,2026-07-27,https://demo.enterprise-risk.local/news/329/1
329,无锡市博远信息技术有限公司（示例0329）供应链回款压力上升,中国经营报,negative,2026-04-12,https://demo.enterprise-risk.local/news/329/2
330,北京市联盛科技有限公司（示例0330）完成新一轮融资,财联社,neutral,2025-07-20,https://demo.enterprise-risk.local/news/330/1
331,成都市智联科技有限公司（示例0331）完成新一轮融资,澎湃新闻,neutral,2025-03-05,https://demo.enterprise-risk.local/news/331/1
331,成都市智联科技有限公司（示例0331）因合同纠纷被起诉,中国经营报,negative,2026-07-02,https://demo.enterprise-risk.local/news/331/2
331,成都市智联科技有限公司（示例0331）完成新一轮融资,中国经营报,neutral,2024-12-11,https://demo.enterprise-risk.local/news/331/3
331,成都市智联科技有限公司（示例0331）供应链回款压力上升,财联社,negative,2026-06-20,https://demo.enterprise-risk.local/news/331/4
332,南京市恒泰科技有限公司（示例0332）发布年度增长计划,证券时报,positive,2024-09-18,https://demo.enterprise-risk.local/news/332/1
332,南京市恒泰科技有限公司（示例0332）完成新一轮融资,中国经营报,neutral,2024-11-11,https://demo.enterprise-risk.local/news/332/2
332,南京市恒泰科技有限公司（示例0332）发布年度增长计划,财联社,neutral,2024-10-01,https://demo.enterprise-risk.local/news/332/3
333,无锡市华辰信息技术有限公司（示例0333）收到行政处罚决定书,澎湃新闻,negative,2026-01-14,https://demo.enterprise-risk.local/news/333/1
334,北京市启明科技有限公司（示例0334）经营波动引发市场关注,财联社,negative,2025-05-06,https://demo.enterprise-risk.local/news/334/1
335,苏州市博远科技有限公司（示例0335）发布年度增长计划,财联社,neutral,2025-09-25,https://demo.enterprise-risk.local/news/335/1
335,苏州市博远科技有限公司（示例0335）主营业务持续增长,财联社,neutral,2025-12-13,https://demo.enterprise-risk.local/news/335/2
336,杭州市联盛制造有限公司（示例0336）完成新一轮融资,每日经济新闻,neutral,2024-09-02,https://demo.enterprise-risk.local/news/336/1
336,杭州市联盛制造有限公司（示例0336）经营波动引发市场关注,财联社,negative,2025-06-16,https://demo.enterprise-risk.local/news/336/2
336,杭州市联盛制造有限公司（示例0336）完成新一轮融资,澎湃新闻,positive,2025-08-18,https://demo.enterprise-risk.local/news/336/3
336,杭州市联盛制造有限公司（示例0336）签署重点合作项目,证券时报,neutral,2026-06-23,https://demo.enterprise-risk.local/news/336/4
337,杭州市安信制造有限公司（示例0337）完成新一轮融资,财联社,neutral,2025-06-04,https://demo.enterprise-risk.local/news/337/1
337,杭州市安信制造有限公司（示例0337）签署重点合作项目,每日经济新闻,neutral,2024-10-04,https://demo.enterprise-risk.local/news/337/2
337,杭州市安信制造有限公司（示例0337）因合同纠纷被起诉,财联社,negative,2026-06-20,https://demo.enterprise-risk.local/news/337/3
338,南京市安信制造有限公司（示例0338）发布年度增长计划,中国经营报,neutral,2025-08-02,https://demo.enterprise-risk.local/news/338/1
338,南京市安信制造有限公司（示例0338）收到行政处罚决定书,证券时报,negative,2025-07-31,https://demo.enterprise-risk.local/news/338/2
338,南京市安信制造有限公司（示例0338）主营业务持续增长,每日经济新闻,neutral,2026-04-06,https://demo.enterprise-risk.local/news/338/3
338,南京市安信制造有限公司（示例0338）因合同纠纷被起诉,证券时报,negative,2025-07-25,https://demo.enterprise-risk.local/news/338/4
339,北京市智联信息技术有限公司（示例0339）完成新一轮融资,财联社,positive,2025-02-15,https://demo.enterprise-risk.local/news/339/1
339,北京市智联信息技术有限公司（示例0339）发布年度增长计划,财联社,positive,2025-01-08,https://demo.enterprise-risk.local/news/339/2
340,上海市智联信息技术有限公司（示例0340）经营波动引发市场关注,澎湃新闻,negative,2025-03-24,https://demo.enterprise-risk.local/news/340/1
340,上海市智联信息技术有限公司（示例0340）主营业务持续增长,澎湃新闻,neutral,2026-04-11,https://demo.enterprise-risk.local/news/340/2
341,佛山市启明信息技术有限公司（示例0341）发布年度增长计划,澎湃新闻,neutral,2026-02-16,https://demo.enterprise-risk.local/news/341/1
341,佛山市启明信息技术有限公司（示例0341）收到行政处罚决定书,证券时报,negative,2025-04-24,https://demo.enterprise-risk.local/news/341/2
342,绵阳市华辰供应链有限公司（示例0342）完成新一轮融资,中国经营报,neutral,2026-06-25,https://demo.enterprise-risk.local/news/342/1
342,绵阳市华辰供应链有限公司（示例0342）发布年度增长计划,财联社,neutral,2025-08-13,https://demo.enterprise-risk.local/news/342/2
342,绵阳市华辰供应链有限公司（示例0342）完成新一轮融资,中国经营报,neutral,2026-06-26,https://demo.enterprise-risk.local/news/342/3
342,绵阳市华辰供应链有限公司（示例0342）发布年度增长计划,澎湃新闻,positive,2025-03-13,https://demo.enterprise-risk.local/news/342/4
343,青岛市华辰科技有限公司（示例0343）收到行政处罚决定书,证券时报,negative,2024-08-11,https://demo.enterprise-risk.local/news/343/1
344,绵阳市启明制造有限公司（示例0344）签署重点合作项目,证券时报,positive,2025-05-21,https://demo.enterprise-risk.local/news/344/1
344,绵阳市启明制造有限公司（示例0344）主营业务持续增长,澎湃新闻,neutral,2025-03-25,https://demo.enterprise-risk.local/news/344/2
345,成都市启明供应链有限公司（示例0345）发布年度增长计划,财联社,positive,2025-10-18,https://demo.enterprise-risk.local/news/345/1
346,武汉市华辰科技有限公司（示例0346）完成新一轮融资,中国经营报,neutral,2026-03-28,https://demo.enterprise-risk.local/news/346/1
346,武汉市华辰科技有限公司（示例0346）主营业务持续增长,每日经济新闻,neutral,2026-03-30,https://demo.enterprise-risk.local/news/346/2
346,武汉市华辰科技有限公司（示例0346）收到行政处罚决定书,澎湃新闻,negative,2025-01-15,https://demo.enterprise-risk.local/news/346/3
346,武汉市华辰科技有限公司（示例0346）主营业务持续增长,澎湃新闻,positive,2025-01-21,https://demo.enterprise-risk.local/news/346/4
347,上海市联盛供应链有限公司（示例0347）完成新一轮融资,财联社,neutral,2026-08-03,https://demo.enterprise-risk.local/news/347/1
347,上海市联盛供应链有限公司（示例0347）收到行政处罚决定书,澎湃新闻,negative,2025-08-01,https://demo.enterprise-risk.local/news/347/2
348,济南市嘉禾供应链有限公司（示例0348）收到行政处罚决定书,澎湃新闻,negative,2025-06-10,https://demo.enterprise-risk.local/news/348/1
348,济南市嘉禾供应链有限公司（示例0348）主营业务持续增长,财联社,neutral,2024-08-16,https://demo.enterprise-risk.local/news/348/2
349,佛山市嘉禾供应链有限公司（示例0349）主营业务持续增长,中国经营报,neutral,2024-10-02,https://demo.enterprise-risk.local/news/349/1
349,佛山市嘉禾供应链有限公司（示例0349）发布年度增长计划,证券时报,neutral,2025-04-17,https://demo.enterprise-risk.local/news/349/2
349,佛山市嘉禾供应链有限公司（示例0349）收到行政处罚决定书,证券时报,negative,2025-10-23,https://demo.enterprise-risk.local/news/349/3
350,宜昌市华辰供应链有限公司（示例0350）发布年度增长计划,澎湃新闻,positive,2026-05-31,https://demo.enterprise-risk.local/news/350/1
351,绵阳市华辰科技有限公司（示例0351）发布年度增长计划,每日经济新闻,neutral,2026-06-21,https://demo.enterprise-risk.local/news/351/1
351,绵阳市华辰科技有限公司（示例0351）发布年度增长计划,每日经济新闻,neutral,2025-05-13,https://demo.enterprise-risk.local/news/351/2
351,绵阳市华辰科技有限公司（示例0351）经营波动引发市场关注,澎湃新闻,negative,2026-06-29,https://demo.enterprise-risk.local/news/351/3
351,绵阳市华辰科技有限公司（示例0351）主营业务持续增长,证券时报,neutral,2024-08-13,https://demo.enterprise-risk.local/news/351/4
352,深圳市嘉禾科技有限公司（示例0352）签署重点合作项目,澎湃新闻,neutral,2025-09-06,https://demo.enterprise-risk.local/news/352/1
352,深圳市嘉禾科技有限公司（示例0352）发布年度增长计划,证券时报,positive,2026-02-19,https://demo.enterprise-risk.local/news/352/2
353,北京市联盛信息技术有限公司（示例0353）发布年度增长计划,每日经济新闻,positive,2024-11-25,https://demo.enterprise-risk.local/news/353/1
353,北京市联盛信息技术有限公司（示例0353）签署重点合作项目,每日经济新闻,positive,2026-07-30,https://demo.enterprise-risk.local/news/353/2
353,北京市联盛信息技术有限公司（示例0353）收到行政处罚决定书,证券时报,negative,2026-03-25,https://demo.enterprise-risk.local/news/353/3
354,无锡市安信科技有限公司（示例0354）收到行政处罚决定书,财联社,negative,2026-02-01,https://demo.enterprise-risk.local/news/354/1
354,无锡市安信科技有限公司（示例0354）主营业务持续增长,财联社,neutral,2026-03-14,https://demo.enterprise-risk.local/news/354/2
355,北京市启明信息技术有限公司（示例0355）发布年度增长计划,澎湃新闻,positive,2026-02-28,https://demo.enterprise-risk.local/news/355/1
355,北京市启明信息技术有限公司（示例0355）签署重点合作项目,澎湃新闻,positive,2026-05-21,https://demo.enterprise-risk.local/news/355/2
355,北京市启明信息技术有限公司（示例0355）完成新一轮融资,财联社,positive,2026-05-07,https://demo.enterprise-risk.local/news/355/3
356,杭州市启明供应链有限公司（示例0356）因合同纠纷被起诉,中国经营报,negative,2025-01-31,https://demo.enterprise-risk.local/news/356/1
356,杭州市启明供应链有限公司（示例0356）发布年度增长计划,澎湃新闻,positive,2026-03-30,https://demo.enterprise-risk.local/news/356/2
357,北京市恒泰信息技术有限公司（示例0357）发布年度增长计划,澎湃新闻,positive,2025-03-17,https://demo.enterprise-risk.local/news/357/1
357,北京市恒泰信息技术有限公司（示例0357）发布年度增长计划,每日经济新闻,neutral,2024-12-24,https://demo.enterprise-risk.local/news/357/2
358,深圳市恒泰科技有限公司（示例0358）经营波动引发市场关注,证券时报,negative,2025-04-20,https://demo.enterprise-risk.local/news/358/1
358,深圳市恒泰科技有限公司（示例0358）完成新一轮融资,证券时报,neutral,2025-09-07,https://demo.enterprise-risk.local/news/358/2
358,深圳市恒泰科技有限公司（示例0358）收到行政处罚决定书,中国经营报,negative,2024-11-04,https://demo.enterprise-risk.local/news/358/3
359,南京市安信制造有限公司（示例0359）完成新一轮融资,证券时报,positive,2024-12-04,https://demo.enterprise-risk.local/news/359/1
359,南京市安信制造有限公司（示例0359）签署重点合作项目,中国经营报,neutral,2025-08-14,https://demo.enterprise-risk.local/news/359/2
359,南京市安信制造有限公司（示例0359）完成新一轮融资,中国经营报,positive,2024-10-30,https://demo.enterprise-risk.local/news/359/3
359,南京市安信制造有限公司（示例0359）签署重点合作项目,证券时报,neutral,2025-12-18,https://demo.enterprise-risk.local/news/359/4
360,深圳市中科供应链有限公司（示例0360）签署重点合作项目,每日经济新闻,neutral,2026-03-16,https://demo.enterprise-risk.local/news/360/1
360,深圳市中科供应链有限公司（示例0360）经营波动引发市场关注,澎湃新闻,negative,2024-09-15,https://demo.enterprise-risk.local/news/360/2
360,深圳市中科供应链有限公司（示例0360）完成新一轮融资,证券时报,neutral,2025-12-11,https://demo.enterprise-risk.local/news/360/3
360,深圳市中科供应链有限公司（示例0360）收到行政处罚决定书,财联社,negative,2025-03-25,https://demo.enterprise-risk.local/news/360/4
361,温州市联盛供应链有限公司（示例0361）签署重点合作项目,财联社,positive,2024-09-30,https://demo.enterprise-risk.local/news/361/1
361,温州市联盛供应链有限公司（示例0361）因合同纠纷被起诉,每日经济新闻,negative,2025-09-19,https://demo.enterprise-risk.local/news/361/2
361,温州市联盛供应链有限公司（示例0361）主营业务持续增长,每日经济新闻,neutral,2025-09-25,https://demo.enterprise-risk.local/news/361/3
362,无锡市远航制造有限公司（示例0362）主营业务持续增长,中国经营报,positive,2026-01-02,https://demo.enterprise-risk.local/news/362/1
362,无锡市远航制造有限公司（示例0362）完成新一轮融资,财联社,neutral,2024-11-06,https://demo.enterprise-risk.local/news/362/2
362,无锡市远航制造有限公司（示例0362）经营波动引发市场关注,澎湃新闻,negative,2025-10-06,https://demo.enterprise-risk.local/news/362/3
362,无锡市远航制造有限公司（示例0362）供应链回款压力上升,每日经济新闻,negative,2025-11-02,https://demo.enterprise-risk.local/news/362/4
363,宜昌市中科供应链有限公司（示例0363）完成新一轮融资,澎湃新闻,neutral,2025-06-30,https://demo.enterprise-risk.local/news/363/1
363,宜昌市中科供应链有限公司（示例0363）主营业务持续增长,每日经济新闻,neutral,2025-10-14,https://demo.enterprise-risk.local/news/363/2
363,宜昌市中科供应链有限公司（示例0363）经营波动引发市场关注,证券时报,negative,2025-10-07,https://demo.enterprise-risk.local/news/363/3
363,宜昌市中科供应链有限公司（示例0363）发布年度增长计划,证券时报,neutral,2025-08-15,https://demo.enterprise-risk.local/news/363/4
364,宁波市联盛制造有限公司（示例0364）收到行政处罚决定书,证券时报,negative,2025-10-31,https://demo.enterprise-risk.local/news/364/1
364,宁波市联盛制造有限公司（示例0364）发布年度增长计划,财联社,neutral,2025-03-23,https://demo.enterprise-risk.local/news/364/2
364,宁波市联盛制造有限公司（示例0364）签署重点合作项目,每日经济新闻,positive,2026-08-04,https://demo.enterprise-risk.local/news/364/3
364,宁波市联盛制造有限公司（示例0364）完成新一轮融资,澎湃新闻,positive,2025-12-20,https://demo.enterprise-risk.local/news/364/4
365,无锡市华辰信息技术有限公司（示例0365）签署重点合作项目,中国经营报,neutral,2026-02-15,https://demo.enterprise-risk.local/news/365/1
365,无锡市华辰信息技术有限公司（示例0365）签署重点合作项目,财联社,positive,2025-12-25,https://demo.enterprise-risk.local/news/365/2
366,深圳市华辰供应链有限公司（示例0366）经营波动引发市场关注,每日经济新闻,negative,2026-07-10,https://demo.enterprise-risk.local/news/366/1
367,苏州市华辰制造有限公司（示例0367）完成新一轮融资,财联社,neutral,2025-11-11,https://demo.enterprise-risk.local/news/367/1
367,苏州市华辰制造有限公司（示例0367）签署重点合作项目,财联社,positive,2025-08-31,https://demo.enterprise-risk.local/news/367/2
367,苏州市华辰制造有限公司（示例0367）发布年度增长计划,财联社,positive,2024-10-16,https://demo.enterprise-risk.local/news/367/3
368,北京市博远制造有限公司（示例0368）发布年度增长计划,证券时报,neutral,2026-07-09,https://demo.enterprise-risk.local/news/368/1
369,宜昌市博远制造有限公司（示例0369）因合同纠纷被起诉,财联社,negative,2024-12-04,https://demo.enterprise-risk.local/news/369/1
369,宜昌市博远制造有限公司（示例0369）主营业务持续增长,澎湃新闻,positive,2025-03-02,https://demo.enterprise-risk.local/news/369/2
370,上海市联盛科技有限公司（示例0370）主营业务持续增长,证券时报,positive,2025-12-21,https://demo.enterprise-risk.local/news/370/1
370,上海市联盛科技有限公司（示例0370）发布年度增长计划,每日经济新闻,neutral,2024-12-20,https://demo.enterprise-risk.local/news/370/2
371,宜昌市远航信息技术有限公司（示例0371）发布年度增长计划,财联社,positive,2026-05-02,https://demo.enterprise-risk.local/news/371/1
371,宜昌市远航信息技术有限公司（示例0371）主营业务持续增长,澎湃新闻,neutral,2024-09-28,https://demo.enterprise-risk.local/news/371/2
372,武汉市安信科技有限公司（示例0372）签署重点合作项目,证券时报,positive,2025-05-28,https://demo.enterprise-risk.local/news/372/1
372,武汉市安信科技有限公司（示例0372）签署重点合作项目,每日经济新闻,neutral,2026-06-30,https://demo.enterprise-risk.local/news/372/2
372,武汉市安信科技有限公司（示例0372）经营波动引发市场关注,澎湃新闻,negative,2024-11-18,https://demo.enterprise-risk.local/news/372/3
372,武汉市安信科技有限公司（示例0372）发布年度增长计划,财联社,positive,2025-07-19,https://demo.enterprise-risk.local/news/372/4
373,上海市启明科技有限公司（示例0373）发布年度增长计划,中国经营报,positive,2025-05-04,https://demo.enterprise-risk.local/news/373/1
373,上海市启明科技有限公司（示例0373）完成新一轮融资,财联社,positive,2025-07-15,https://demo.enterprise-risk.local/news/373/2
373,上海市启明科技有限公司（示例0373）签署重点合作项目,澎湃新闻,neutral,2025-01-19,https://demo.enterprise-risk.local/news/373/3
374,绵阳市智联科技有限公司（示例0374）发布年度增长计划,每日经济新闻,positive,2026-04-14,https://demo.enterprise-risk.local/news/374/1
375,宜昌市远航制造有限公司（示例0375）因合同纠纷被起诉,中国经营报,negative,2025-12-12,https://demo.enterprise-risk.local/news/375/1
375,宜昌市远航制造有限公司（示例0375）发布年度增长计划,证券时报,neutral,2025-05-20,https://demo.enterprise-risk.local/news/375/2
375,宜昌市远航制造有限公司（示例0375）因合同纠纷被起诉,财联社,negative,2025-12-22,https://demo.enterprise-risk.local/news/375/3
376,成都市博远供应链有限公司（示例0376）收到行政处罚决定书,澎湃新闻,negative,2025-01-26,https://demo.enterprise-risk.local/news/376/1
376,成都市博远供应链有限公司（示例0376）完成新一轮融资,财联社,positive,2024-09-03,https://demo.enterprise-risk.local/news/376/2
377,上海市远航制造有限公司（示例0377）主营业务持续增长,每日经济新闻,positive,2025-09-11,https://demo.enterprise-risk.local/news/377/1
377,上海市远航制造有限公司（示例0377）发布年度增长计划,财联社,positive,2025-02-01,https://demo.enterprise-risk.local/news/377/2
377,上海市远航制造有限公司（示例0377）主营业务持续增长,证券时报,neutral,2024-10-26,https://demo.enterprise-risk.local/news/377/3
378,温州市博远供应链有限公司（示例0378）主营业务持续增长,中国经营报,neutral,2025-04-03,https://demo.enterprise-risk.local/news/378/1
378,温州市博远供应链有限公司（示例0378）主营业务持续增长,财联社,positive,2026-02-04,https://demo.enterprise-risk.local/news/378/2
379,宜昌市华辰信息技术有限公司（示例0379）经营波动引发市场关注,中国经营报,negative,2026-03-28,https://demo.enterprise-risk.local/news/379/1
379,宜昌市华辰信息技术有限公司（示例0379）经营波动引发市场关注,中国经营报,negative,2025-09-17,https://demo.enterprise-risk.local/news/379/2
380,青岛市联盛科技有限公司（示例0380）发布年度增长计划,每日经济新闻,neutral,2024-12-26,https://demo.enterprise-risk.local/news/380/1
380,青岛市联盛科技有限公司（示例0380）供应链回款压力上升,中国经营报,negative,2024-11-26,https://demo.enterprise-risk.local/news/380/2
380,青岛市联盛科技有限公司（示例0380）发布年度增长计划,每日经济新闻,positive,2025-12-04,https://demo.enterprise-risk.local/news/380/3
380,青岛市联盛科技有限公司（示例0380）发布年度增长计划,财联社,neutral,2025-07-13,https://demo.enterprise-risk.local/news/380/4
381,苏州市博远信息技术有限公司（示例0381）供应链回款压力上升,每日经济新闻,negative,2026-04-04,https://demo.enterprise-risk.local/news/381/1
382,上海市中科供应链有限公司（示例0382）签署重点合作项目,每日经济新闻,neutral,2026-01-28,https://demo.enterprise-risk.local/news/382/1
382,上海市中科供应链有限公司（示例0382）完成新一轮融资,澎湃新闻,neutral,2025-04-10,https://demo.enterprise-risk.local/news/382/2
383,武汉市联盛制造有限公司（示例0383）主营业务持续增长,澎湃新闻,positive,2025-10-14,https://demo.enterprise-risk.local/news/383/1
383,武汉市联盛制造有限公司（示例0383）发布年度增长计划,澎湃新闻,neutral,2026-06-21,https://demo.enterprise-risk.local/news/383/2
384,东莞市华辰供应链有限公司（示例0384）经营波动引发市场关注,澎湃新闻,negative,2025-01-16,https://demo.enterprise-risk.local/news/384/1
384,东莞市华辰供应链有限公司（示例0384）发布年度增长计划,澎湃新闻,neutral,2025-04-21,https://demo.enterprise-risk.local/news/384/2
384,东莞市华辰供应链有限公司（示例0384）因合同纠纷被起诉,财联社,negative,2026-01-08,https://demo.enterprise-risk.local/news/384/3
385,济南市恒泰供应链有限公司（示例0385）发布年度增长计划,每日经济新闻,positive,2026-07-04,https://demo.enterprise-risk.local/news/385/1
385,济南市恒泰供应链有限公司（示例0385）经营波动引发市场关注,澎湃新闻,negative,2026-03-29,https://demo.enterprise-risk.local/news/385/2
386,武汉市华辰供应链有限公司（示例0386）因合同纠纷被起诉,每日经济新闻,negative,2025-07-16,https://demo.enterprise-risk.local/news/386/1
386,武汉市华辰供应链有限公司（示例0386）主营业务持续增长,证券时报,positive,2024-12-04,https://demo.enterprise-risk.local/news/386/2
386,武汉市华辰供应链有限公司（示例0386）发布年度增长计划,澎湃新闻,neutral,2025-06-26,https://demo.enterprise-risk.local/news/386/3
386,武汉市华辰供应链有限公司（示例0386）主营业务持续增长,中国经营报,positive,2026-05-24,https://demo.enterprise-risk.local/news/386/4
387,宜昌市联盛科技有限公司（示例0387）主营业务持续增长,澎湃新闻,neutral,2025-08-21,https://demo.enterprise-risk.local/news/387/1
387,宜昌市联盛科技有限公司（示例0387）主营业务持续增长,澎湃新闻,neutral,2025-12-02,https://demo.enterprise-risk.local/news/387/2
388,宁波市嘉禾供应链有限公司（示例0388）经营波动引发市场关注,证券时报,negative,2025-03-07,https://demo.enterprise-risk.local/news/388/1
388,宁波市嘉禾供应链有限公司（示例0388）主营业务持续增长,每日经济新闻,neutral,2026-03-01,https://demo.enterprise-risk.local/news/388/2
389,上海市恒泰信息技术有限公司（示例0389）签署重点合作项目,澎湃新闻,neutral,2026-06-08,https://demo.enterprise-risk.local/news/389/1
390,深圳市华辰供应链有限公司（示例0390）主营业务持续增长,澎湃新闻,positive,2025-01-14,https://demo.enterprise-risk.local/news/390/1
390,深圳市华辰供应链有限公司（示例0390）收到行政处罚决定书,中国经营报,negative,2026-01-10,https://demo.enterprise-risk.local/news/390/2
391,成都市智联供应链有限公司（示例0391）发布年度增长计划,证券时报,neutral,2025-09-02,https://demo.enterprise-risk.local/news/391/1
391,成都市智联供应链有限公司（示例0391）因合同纠纷被起诉,每日经济新闻,negative,2026-04-19,https://demo.enterprise-risk.local/news/391/2
391,成都市智联供应链有限公司（示例0391）完成新一轮融资,证券时报,neutral,2026-03-11,https://demo.enterprise-risk.local/news/391/3
391,成都市智联供应链有限公司（示例0391）发布年度增长计划,财联社,neutral,2024-12-04,https://demo.enterprise-risk.local/news/391/4
392,无锡市嘉禾供应链有限公司（示例0392）主营业务持续增长,财联社,positive,2026-01-29,https://demo.enterprise-risk.local/news/392/1
392,无锡市嘉禾供应链有限公司（示例0392）完成新一轮融资,财联社,neutral,2026-04-06,https://demo.enterprise-risk.local/news/392/2
392,无锡市嘉禾供应链有限公司（示例0392）签署重点合作项目,每日经济新闻,positive,2025-02-26,https://demo.enterprise-risk.local/news/392/3
393,东莞市中科供应链有限公司（示例0393）因合同纠纷被起诉,中国经营报,negative,2026-05-25,https://demo.enterprise-risk.local/news/393/1
393,东莞市中科供应链有限公司（示例0393）签署重点合作项目,证券时报,positive,2025-03-23,https://demo.enterprise-risk.local/news/393/2
394,无锡市博远制造有限公司（示例0394）完成新一轮融资,证券时报,positive,2026-06-04,https://demo.enterprise-risk.local/news/394/1
394,无锡市博远制造有限公司（示例0394）经营波动引发市场关注,中国经营报,negative,2025-05-08,https://demo.enterprise-risk.local/news/394/2
394,无锡市博远制造有限公司（示例0394）因合同纠纷被起诉,澎湃新闻,negative,2026-05-01,https://demo.enterprise-risk.local/news/394/3
394,无锡市博远制造有限公司（示例0394）发布年度增长计划,中国经营报,positive,2026-07-24,https://demo.enterprise-risk.local/news/394/4
395,上海市华辰信息技术有限公司（示例0395）发布年度增长计划,财联社,neutral,2025-03-28,https://demo.enterprise-risk.local/news/395/1
395,上海市华辰信息技术有限公司（示例0395）完成新一轮融资,澎湃新闻,neutral,2024-11-22,https://demo.enterprise-risk.local/news/395/2
396,济南市联盛供应链有限公司（示例0396）收到行政处罚决定书,每日经济新闻,negative,2026-01-12,https://demo.enterprise-risk.local/news/396/1
396,济南市联盛供应链有限公司（示例0396）发布年度增长计划,证券时报,neutral,2025-08-25,https://demo.enterprise-risk.local/news/396/2
396,济南市联盛供应链有限公司（示例0396）完成新一轮融资,财联社,neutral,2025-02-11,https://demo.enterprise-risk.local/news/396/3
397,苏州市博远供应链有限公司（示例0397）经营波动引发市场关注,中国经营报,negative,2025-05-13,https://demo.enterprise-risk.local/news/397/1
398,成都市华辰供应链有限公司（示例0398）发布年度增长计划,澎湃新闻,positive,2025-08-06,https://demo.enterprise-risk.local/news/398/1
398,成都市华辰供应链有限公司（示例0398）经营波动引发市场关注,财联社,negative,2026-03-29,https://demo.enterprise-risk.local/news/398/2
398,成都市华辰供应链有限公司（示例0398）签署重点合作项目,财联社,neutral,2024-08-23,https://demo.enterprise-risk.local/news/398/3
399,成都市中科制造有限公司（示例0399）完成新一轮融资,财联社,positive,2024-11-15,https://demo.enterprise-risk.local/news/399/1
399,成都市中科制造有限公司（示例0399）签署重点合作项目,澎湃新闻,positive,2024-10-11,https://demo.enterprise-risk.local/news/399/2
399,成都市中科制造有限公司（示例0399）经营波动引发市场关注,中国经营报,negative,2025-03-29,https://demo.enterprise-risk.local/news/399/3
399,成都市中科制造有限公司（示例0399）主营业务持续增长,中国经营报,positive,2025-02-11,https://demo.enterprise-risk.local/news/399/4
400,南京市嘉禾制造有限公司（示例0400）完成新一轮融资,澎湃新闻,positive,2025-11-14,https://demo.enterprise-risk.local/news/400/1
400,南京市嘉禾制造有限公司（示例0400）发布年度增长计划,澎湃新闻,neutral,2026-05-31,https://demo.enterprise-risk.local/news/400/2
401,杭州市中科信息技术有限公司（示例0401）经营波动引发市场关注,中国经营报,negative,2026-06-11,https://demo.enterprise-risk.local/news/401/1
401,杭州市中科信息技术有限公司（示例0401）收到行政处罚决定书,澎湃新闻,negative,2025-02-17,https://demo.enterprise-risk.local/news/401/2
401,杭州市中科信息技术有限公司（示例0401）发布年度增长计划,证券时报,neutral,2026-03-27,https://demo.enterprise-risk.local/news/401/3
401,杭州市中科信息技术有限公司（示例0401）因合同纠纷被起诉,证券时报,negative,2024-08-10,https://demo.enterprise-risk.local/news/401/4
402,深圳市华辰供应链有限公司（示例0402）完成新一轮融资,每日经济新闻,neutral,2025-12-25,https://demo.enterprise-risk.local/news/402/1
402,深圳市华辰供应链有限公司（示例0402）完成新一轮融资,中国经营报,positive,2024-09-01,https://demo.enterprise-risk.local/news/402/2
402,深圳市华辰供应链有限公司（示例0402）主营业务持续增长,澎湃新闻,neutral,2025-02-21,https://demo.enterprise-risk.local/news/402/3
403,青岛市联盛供应链有限公司（示例0403）完成新一轮融资,证券时报,positive,2025-01-14,https://demo.enterprise-risk.local/news/403/1
403,青岛市联盛供应链有限公司（示例0403）收到行政处罚决定书,财联社,negative,2025-11-24,https://demo.enterprise-risk.local/news/403/2
404,济南市远航信息技术有限公司（示例0404）完成新一轮融资,每日经济新闻,neutral,2025-09-24,https://demo.enterprise-risk.local/news/404/1
404,济南市远航信息技术有限公司（示例0404）主营业务持续增长,财联社,neutral,2024-08-21,https://demo.enterprise-risk.local/news/404/2
405,绵阳市智联供应链有限公司（示例0405）完成新一轮融资,证券时报,neutral,2026-02-17,https://demo.enterprise-risk.local/news/405/1
405,绵阳市智联供应链有限公司（示例0405）主营业务持续增长,财联社,neutral,2025-11-18,https://demo.enterprise-risk.local/news/405/2
405,绵阳市智联供应链有限公司（示例0405）完成新一轮融资,澎湃新闻,neutral,2025-03-06,https://demo.enterprise-risk.local/news/405/3
406,济南市远航制造有限公司（示例0406）因合同纠纷被起诉,证券时报,negative,2025-12-04,https://demo.enterprise-risk.local/news/406/1
406,济南市远航制造有限公司（示例0406）主营业务持续增长,财联社,neutral,2026-07-10,https://demo.enterprise-risk.local/news/406/2
406,济南市远航制造有限公司（示例0406）签署重点合作项目,财联社,neutral,2026-05-25,https://demo.enterprise-risk.local/news/406/3
407,宁波市智联制造有限公司（示例0407）完成新一轮融资,中国经营报,neutral,2026-06-28,https://demo.enterprise-risk.local/news/407/1
407,宁波市智联制造有限公司（示例0407）完成新一轮融资,财联社,neutral,2024-10-14,https://demo.enterprise-risk.local/news/407/2
408,上海市启明信息技术有限公司（示例0408）经营波动引发市场关注,财联社,negative,2025-05-04,https://demo.enterprise-risk.local/news/408/1
409,杭州市嘉禾信息技术有限公司（示例0409）主营业务持续增长,证券时报,neutral,2025-09-09,https://demo.enterprise-risk.local/news/409/1
409,杭州市嘉禾信息技术有限公司（示例0409）完成新一轮融资,财联社,positive,2024-08-25,https://demo.enterprise-risk.local/news/409/2
409,杭州市嘉禾信息技术有限公司（示例0409）因合同纠纷被起诉,财联社,negative,2025-07-17,https://demo.enterprise-risk.local/news/409/3
410,绵阳市中科供应链有限公司（示例0410）完成新一轮融资,澎湃新闻,neutral,2025-01-05,https://demo.enterprise-risk.local/news/410/1
411,济南市智联制造有限公司（示例0411）发布年度增长计划,财联社,neutral,2025-01-16,https://demo.enterprise-risk.local/news/411/1
411,济南市智联制造有限公司（示例0411）主营业务持续增长,证券时报,neutral,2024-10-13,https://demo.enterprise-risk.local/news/411/2
412,无锡市联盛科技有限公司（示例0412）签署重点合作项目,财联社,positive,2025-07-10,https://demo.enterprise-risk.local/news/412/1
412,无锡市联盛科技有限公司（示例0412）完成新一轮融资,澎湃新闻,neutral,2026-08-01,https://demo.enterprise-risk.local/news/412/2
412,无锡市联盛科技有限公司（示例0412）主营业务持续增长,财联社,neutral,2025-08-04,https://demo.enterprise-risk.local/news/412/3
412,无锡市联盛科技有限公司（示例0412）发布年度增长计划,澎湃新闻,neutral,2025-10-05,https://demo.enterprise-risk.local/news/412/4
413,上海市博远供应链有限公司（示例0413）供应链回款压力上升,澎湃新闻,negative,2025-02-19,https://demo.enterprise-risk.local/news/413/1
413,上海市博远供应链有限公司（示例0413）签署重点合作项目,澎湃新闻,neutral,2025-07-14,https://demo.enterprise-risk.local/news/413/2
413,上海市博远供应链有限公司（示例0413）签署重点合作项目,证券时报,neutral,2025-04-12,https://demo.enterprise-risk.local/news/413/3
414,成都市中科信息技术有限公司（示例0414）发布年度增长计划,每日经济新闻,neutral,2024-10-25,https://demo.enterprise-risk.local/news/414/1
414,成都市中科信息技术有限公司（示例0414）完成新一轮融资,中国经营报,positive,2026-03-03,https://demo.enterprise-risk.local/news/414/2
414,成都市中科信息技术有限公司（示例0414）供应链回款压力上升,每日经济新闻,negative,2026-07-17,https://demo.enterprise-risk.local/news/414/3
414,成都市中科信息技术有限公司（示例0414）发布年度增长计划,财联社,neutral,2026-04-06,https://demo.enterprise-risk.local/news/414/4
415,无锡市华辰信息技术有限公司（示例0415）发布年度增长计划,财联社,neutral,2026-05-03,https://demo.enterprise-risk.local/news/415/1
416,上海市安信科技有限公司（示例0416）签署重点合作项目,每日经济新闻,neutral,2026-02-16,https://demo.enterprise-risk.local/news/416/1
416,上海市安信科技有限公司（示例0416）发布年度增长计划,澎湃新闻,neutral,2024-10-09,https://demo.enterprise-risk.local/news/416/2
417,宜昌市华辰科技有限公司（示例0417）发布年度增长计划,财联社,positive,2026-03-08,https://demo.enterprise-risk.local/news/417/1
417,宜昌市华辰科技有限公司（示例0417）供应链回款压力上升,财联社,negative,2025-07-28,https://demo.enterprise-risk.local/news/417/2
418,宜昌市博远供应链有限公司（示例0418）发布年度增长计划,澎湃新闻,positive,2024-11-28,https://demo.enterprise-risk.local/news/418/1
418,宜昌市博远供应链有限公司（示例0418）发布年度增长计划,中国经营报,positive,2026-01-22,https://demo.enterprise-risk.local/news/418/2
418,宜昌市博远供应链有限公司（示例0418）发布年度增长计划,中国经营报,neutral,2025-08-15,https://demo.enterprise-risk.local/news/418/3
419,宜昌市智联供应链有限公司（示例0419）签署重点合作项目,财联社,positive,2026-07-08,https://demo.enterprise-risk.local/news/419/1
420,东莞市联盛信息技术有限公司（示例0420）主营业务持续增长,每日经济新闻,neutral,2025-03-09,https://demo.enterprise-risk.local/news/420/1
421,苏州市安信制造有限公司（示例0421）收到行政处罚决定书,证券时报,negative,2024-12-18,https://demo.enterprise-risk.local/news/421/1
421,苏州市安信制造有限公司（示例0421）签署重点合作项目,财联社,neutral,2025-06-09,https://demo.enterprise-risk.local/news/421/2
421,苏州市安信制造有限公司（示例0421）主营业务持续增长,财联社,positive,2025-08-24,https://demo.enterprise-risk.local/news/421/3
422,南京市恒泰制造有限公司（示例0422）签署重点合作项目,财联社,neutral,2026-04-02,https://demo.enterprise-risk.local/news/422/1
423,苏州市恒泰信息技术有限公司（示例0423）经营波动引发市场关注,财联社,negative,2025-06-07,https://demo.enterprise-risk.local/news/423/1
424,杭州市博远制造有限公司（示例0424）主营业务持续增长,证券时报,neutral,2025-05-13,https://demo.enterprise-risk.local/news/424/1
424,杭州市博远制造有限公司（示例0424）完成新一轮融资,证券时报,neutral,2025-10-18,https://demo.enterprise-risk.local/news/424/2
424,杭州市博远制造有限公司（示例0424）完成新一轮融资,财联社,neutral,2025-12-10,https://demo.enterprise-risk.local/news/424/3
424,杭州市博远制造有限公司（示例0424）签署重点合作项目,财联社,positive,2025-08-04,https://demo.enterprise-risk.local/news/424/4
425,苏州市中科信息技术有限公司（示例0425）收到行政处罚决定书,证券时报,negative,2025-06-04,https://demo.enterprise-risk.local/news/425/1
425,苏州市中科信息技术有限公司（示例0425）完成新一轮融资,每日经济新闻,positive,2025-07-02,https://demo.enterprise-risk.local/news/425/2
426,绵阳市联盛供应链有限公司（示例0426）签署重点合作项目,澎湃新闻,neutral,2025-09-06,https://demo.enterprise-risk.local/news/426/1
426,绵阳市联盛供应链有限公司（示例0426）主营业务持续增长,证券时报,positive,2026-04-25,https://demo.enterprise-risk.local/news/426/2
426,绵阳市联盛供应链有限公司（示例0426）签署重点合作项目,财联社,neutral,2025-07-08,https://demo.enterprise-risk.local/news/426/3
427,北京市远航信息技术有限公司（示例0427）因合同纠纷被起诉,证券时报,negative,2025-06-14,https://demo.enterprise-risk.local/news/427/1
427,北京市远航信息技术有限公司（示例0427）签署重点合作项目,证券时报,positive,2026-06-03,https://demo.enterprise-risk.local/news/427/2
427,北京市远航信息技术有限公司（示例0427）因合同纠纷被起诉,财联社,negative,2025-01-30,https://demo.enterprise-risk.local/news/427/3
428,绵阳市恒泰供应链有限公司（示例0428）因合同纠纷被起诉,中国经营报,negative,2024-10-11,https://demo.enterprise-risk.local/news/428/1
429,青岛市启明供应链有限公司（示例0429）完成新一轮融资,财联社,neutral,2025-12-12,https://demo.enterprise-risk.local/news/429/1
429,青岛市启明供应链有限公司（示例0429）主营业务持续增长,财联社,neutral,2025-07-27,https://demo.enterprise-risk.local/news/429/2
430,宁波市恒泰信息技术有限公司（示例0430）主营业务持续增长,证券时报,neutral,2026-06-18,https://demo.enterprise-risk.local/news/430/1
431,成都市启明制造有限公司（示例0431）完成新一轮融资,中国经营报,neutral,2024-09-21,https://demo.enterprise-risk.local/news/431/1
431,成都市启明制造有限公司（示例0431）主营业务持续增长,证券时报,positive,2025-05-07,https://demo.enterprise-risk.local/news/431/2
432,上海市启明科技有限公司（示例0432）发布年度增长计划,证券时报,positive,2025-06-23,https://demo.enterprise-risk.local/news/432/1
432,上海市启明科技有限公司（示例0432）完成新一轮融资,每日经济新闻,neutral,2025-12-28,https://demo.enterprise-risk.local/news/432/2
432,上海市启明科技有限公司（示例0432）主营业务持续增长,财联社,positive,2026-01-24,https://demo.enterprise-risk.local/news/432/3
432,上海市启明科技有限公司（示例0432）因合同纠纷被起诉,中国经营报,negative,2024-10-19,https://demo.enterprise-risk.local/news/432/4
433,杭州市中科科技有限公司（示例0433）因合同纠纷被起诉,证券时报,negative,2025-03-06,https://demo.enterprise-risk.local/news/433/1
433,杭州市中科科技有限公司（示例0433）发布年度增长计划,澎湃新闻,neutral,2025-12-15,https://demo.enterprise-risk.local/news/433/2
433,杭州市中科科技有限公司（示例0433）经营波动引发市场关注,财联社,negative,2025-07-19,https://demo.enterprise-risk.local/news/433/3
433,杭州市中科科技有限公司（示例0433）完成新一轮融资,澎湃新闻,positive,2025-03-28,https://demo.enterprise-risk.local/news/433/4
434,武汉市华辰信息技术有限公司（示例0434）收到行政处罚决定书,中国经营报,negative,2026-03-22,https://demo.enterprise-risk.local/news/434/1
434,武汉市华辰信息技术有限公司（示例0434）签署重点合作项目,每日经济新闻,neutral,2024-10-23,https://demo.enterprise-risk.local/news/434/2
435,成都市恒泰供应链有限公司（示例0435）签署重点合作项目,中国经营报,positive,2024-10-23,https://demo.enterprise-risk.local/news/435/1
435,成都市恒泰供应链有限公司（示例0435）供应链回款压力上升,每日经济新闻,negative,2026-04-20,https://demo.enterprise-risk.local/news/435/2
435,成都市恒泰供应链有限公司（示例0435）经营波动引发市场关注,证券时报,negative,2025-01-13,https://demo.enterprise-risk.local/news/435/3
436,济南市恒泰制造有限公司（示例0436）发布年度增长计划,每日经济新闻,neutral,2025-07-16,https://demo.enterprise-risk.local/news/436/1
436,济南市恒泰制造有限公司（示例0436）发布年度增长计划,证券时报,positive,2025-05-03,https://demo.enterprise-risk.local/news/436/2
436,济南市恒泰制造有限公司（示例0436）主营业务持续增长,中国经营报,positive,2025-04-14,https://demo.enterprise-risk.local/news/436/3
437,济南市远航制造有限公司（示例0437）主营业务持续增长,财联社,neutral,2026-06-24,https://demo.enterprise-risk.local/news/437/1
438,广州市博远科技有限公司（示例0438）发布年度增长计划,中国经营报,neutral,2025-03-17,https://demo.enterprise-risk.local/news/438/1
438,广州市博远科技有限公司（示例0438）完成新一轮融资,证券时报,positive,2025-08-28,https://demo.enterprise-risk.local/news/438/2
439,绵阳市智联制造有限公司（示例0439）完成新一轮融资,财联社,neutral,2026-07-29,https://demo.enterprise-risk.local/news/439/1
440,北京市博远制造有限公司（示例0440）完成新一轮融资,中国经营报,neutral,2025-01-01,https://demo.enterprise-risk.local/news/440/1
441,青岛市安信信息技术有限公司（示例0441）主营业务持续增长,每日经济新闻,neutral,2025-03-05,https://demo.enterprise-risk.local/news/441/1
442,青岛市远航科技有限公司（示例0442）主营业务持续增长,每日经济新闻,neutral,2025-04-20,https://demo.enterprise-risk.local/news/442/1
443,宜昌市安信供应链有限公司（示例0443）签署重点合作项目,财联社,positive,2026-07-21,https://demo.enterprise-risk.local/news/443/1
443,宜昌市安信供应链有限公司（示例0443）发布年度增长计划,每日经济新闻,neutral,2024-09-21,https://demo.enterprise-risk.local/news/443/2
443,宜昌市安信供应链有限公司（示例0443）完成新一轮融资,每日经济新闻,positive,2025-10-17,https://demo.enterprise-risk.local/news/443/3
444,广州市恒泰供应链有限公司（示例0444）主营业务持续增长,证券时报,positive,2026-07-02,https://demo.enterprise-risk.local/news/444/1
444,广州市恒泰供应链有限公司（示例0444）完成新一轮融资,中国经营报,neutral,2025-08-04,https://demo.enterprise-risk.local/news/444/2
445,济南市博远供应链有限公司（示例0445）发布年度增长计划,证券时报,positive,2025-12-11,https://demo.enterprise-risk.local/news/445/1
445,济南市博远供应链有限公司（示例0445）主营业务持续增长,证券时报,neutral,2024-12-30,https://demo.enterprise-risk.local/news/445/2
446,成都市联盛供应链有限公司（示例0446）完成新一轮融资,每日经济新闻,positive,2025-04-25,https://demo.enterprise-risk.local/news/446/1
446,成都市联盛供应链有限公司（示例0446）发布年度增长计划,中国经营报,positive,2026-06-06,https://demo.enterprise-risk.local/news/446/2
447,深圳市联盛科技有限公司（示例0447）主营业务持续增长,财联社,positive,2025-04-21,https://demo.enterprise-risk.local/news/447/1
447,深圳市联盛科技有限公司（示例0447）收到行政处罚决定书,财联社,negative,2024-09-19,https://demo.enterprise-risk.local/news/447/2
447,深圳市联盛科技有限公司（示例0447）发布年度增长计划,证券时报,neutral,2025-12-09,https://demo.enterprise-risk.local/news/447/3
447,深圳市联盛科技有限公司（示例0447）发布年度增长计划,每日经济新闻,neutral,2025-07-13,https://demo.enterprise-risk.local/news/447/4
448,南京市安信信息技术有限公司（示例0448）主营业务持续增长,澎湃新闻,neutral,2026-01-01,https://demo.enterprise-risk.local/news/448/1
448,南京市安信信息技术有限公司（示例0448）发布年度增长计划,财联社,positive,2025-04-22,https://demo.enterprise-risk.local/news/448/2
448,南京市安信信息技术有限公司（示例0448）供应链回款压力上升,每日经济新闻,negative,2025-05-14,https://demo.enterprise-risk.local/news/448/3
448,南京市安信信息技术有限公司（示例0448）签署重点合作项目,财联社,neutral,2026-07-19,https://demo.enterprise-risk.local/news/448/4
449,北京市远航制造有限公司（示例0449）发布年度增长计划,中国经营报,neutral,2026-01-13,https://demo.enterprise-risk.local/news/449/1
449,北京市远航制造有限公司（示例0449）完成新一轮融资,中国经营报,neutral,2025-05-06,https://demo.enterprise-risk.local/news/449/2
449,北京市远航制造有限公司（示例0449）收到行政处罚决定书,财联社,negative,2026-04-09,https://demo.enterprise-risk.local/news/449/3
449,北京市远航制造有限公司（示例0449）因合同纠纷被起诉,澎湃新闻,negative,2026-03-04,https://demo.enterprise-risk.local/news/449/4
450,广州市智联信息技术有限公司（示例0450）签署重点合作项目,中国经营报,positive,2026-05-11,https://demo.enterprise-risk.local/news/450/1
450,广州市智联信息技术有限公司（示例0450）主营业务持续增长,每日经济新闻,neutral,2024-10-12,https://demo.enterprise-risk.local/news/450/2
450,广州市智联信息技术有限公司（示例0450）签署重点合作项目,每日经济新闻,neutral,2026-04-18,https://demo.enterprise-risk.local/news/450/3
451,武汉市远航供应链有限公司（示例0451）签署重点合作项目,财联社,positive,2025-05-04,https://demo.enterprise-risk.local/news/451/1
451,武汉市远航供应链有限公司（示例0451）完成新一轮融资,澎湃新闻,neutral,2026-04-29,https://demo.enterprise-risk.local/news/451/2
451,武汉市远航供应链有限公司（示例0451）发布年度增长计划,中国经营报,neutral,2026-05-23,https://demo.enterprise-risk.local/news/451/3
451,武汉市远航供应链有限公司（示例0451）发布年度增长计划,每日经济新闻,positive,2025-06-08,https://demo.enterprise-risk.local/news/451/4
452,北京市恒泰制造有限公司（示例0452）完成新一轮融资,财联社,neutral,2026-01-14,https://demo.enterprise-risk.local/news/452/1
453,成都市嘉禾科技有限公司（示例0453）签署重点合作项目,证券时报,positive,2025-09-07,https://demo.enterprise-risk.local/news/453/1
453,成都市嘉禾科技有限公司（示例0453）完成新一轮融资,澎湃新闻,positive,2025-12-05,https://demo.enterprise-risk.local/news/453/2
453,成都市嘉禾科技有限公司（示例0453）因合同纠纷被起诉,澎湃新闻,negative,2025-09-24,https://demo.enterprise-risk.local/news/453/3
454,上海市恒泰信息技术有限公司（示例0454）签署重点合作项目,每日经济新闻,positive,2024-11-08,https://demo.enterprise-risk.local/news/454/1
455,成都市博远供应链有限公司（示例0455）完成新一轮融资,证券时报,neutral,2024-12-22,https://demo.enterprise-risk.local/news/455/1
455,成都市博远供应链有限公司（示例0455）签署重点合作项目,中国经营报,neutral,2024-11-30,https://demo.enterprise-risk.local/news/455/2
456,青岛市远航科技有限公司（示例0456）完成新一轮融资,每日经济新闻,positive,2025-04-19,https://demo.enterprise-risk.local/news/456/1
457,南京市博远供应链有限公司（示例0457）签署重点合作项目,中国经营报,neutral,2026-05-15,https://demo.enterprise-risk.local/news/457/1
457,南京市博远供应链有限公司（示例0457）经营波动引发市场关注,财联社,negative,2026-05-22,https://demo.enterprise-risk.local/news/457/2
457,南京市博远供应链有限公司（示例0457）签署重点合作项目,财联社,neutral,2025-05-07,https://demo.enterprise-risk.local/news/457/3
458,上海市远航制造有限公司（示例0458）供应链回款压力上升,财联社,negative,2026-06-20,https://demo.enterprise-risk.local/news/458/1
459,绵阳市启明供应链有限公司（示例0459）供应链回款压力上升,中国经营报,negative,2025-05-14,https://demo.enterprise-risk.local/news/459/1
459,绵阳市启明供应链有限公司（示例0459）经营波动引发市场关注,财联社,negative,2026-08-02,https://demo.enterprise-risk.local/news/459/2
460,杭州市启明信息技术有限公司（示例0460）签署重点合作项目,证券时报,neutral,2026-03-18,https://demo.enterprise-risk.local/news/460/1
460,杭州市启明信息技术有限公司（示例0460）签署重点合作项目,中国经营报,positive,2026-07-30,https://demo.enterprise-risk.local/news/460/2
460,杭州市启明信息技术有限公司（示例0460）签署重点合作项目,中国经营报,neutral,2026-05-23,https://demo.enterprise-risk.local/news/460/3
461,上海市安信信息技术有限公司（示例0461）完成新一轮融资,澎湃新闻,positive,2025-03-05,https://demo.enterprise-risk.local/news/461/1
461,上海市安信信息技术有限公司（示例0461）签署重点合作项目,澎湃新闻,neutral,2026-06-23,https://demo.enterprise-risk.local/news/461/2
462,北京市远航供应链有限公司（示例0462）发布年度增长计划,财联社,positive,2024-09-15,https://demo.enterprise-risk.local/news/462/1
462,北京市远航供应链有限公司（示例0462）签署重点合作项目,澎湃新闻,neutral,2024-11-06,https://demo.enterprise-risk.local/news/462/2
463,宜昌市中科制造有限公司（示例0463）主营业务持续增长,澎湃新闻,neutral,2025-02-14,https://demo.enterprise-risk.local/news/463/1
463,宜昌市中科制造有限公司（示例0463）发布年度增长计划,财联社,neutral,2025-06-13,https://demo.enterprise-risk.local/news/463/2
464,济南市恒泰科技有限公司（示例0464）主营业务持续增长,每日经济新闻,neutral,2026-02-18,https://demo.enterprise-risk.local/news/464/1
465,济南市安信供应链有限公司（示例0465）完成新一轮融资,证券时报,neutral,2024-10-12,https://demo.enterprise-risk.local/news/465/1
465,济南市安信供应链有限公司（示例0465）经营波动引发市场关注,每日经济新闻,negative,2026-03-09,https://demo.enterprise-risk.local/news/465/2
465,济南市安信供应链有限公司（示例0465）经营波动引发市场关注,每日经济新闻,negative,2025-05-03,https://demo.enterprise-risk.local/news/465/3
465,济南市安信供应链有限公司（示例0465）完成新一轮融资,澎湃新闻,positive,2024-11-23,https://demo.enterprise-risk.local/news/465/4
466,成都市联盛科技有限公司（示例0466）主营业务持续增长,澎湃新闻,neutral,2025-01-02,https://demo.enterprise-risk.local/news/466/1
466,成都市联盛科技有限公司（示例0466）签署重点合作项目,每日经济新闻,neutral,2024-12-25,https://demo.enterprise-risk.local/news/466/2
466,成都市联盛科技有限公司（示例0466）供应链回款压力上升,澎湃新闻,negative,2026-07-15,https://demo.enterprise-risk.local/news/466/3
466,成都市联盛科技有限公司（示例0466）收到行政处罚决定书,澎湃新闻,negative,2025-10-11,https://demo.enterprise-risk.local/news/466/4
467,杭州市恒泰科技有限公司（示例0467）发布年度增长计划,中国经营报,positive,2026-07-03,https://demo.enterprise-risk.local/news/467/1
467,杭州市恒泰科技有限公司（示例0467）收到行政处罚决定书,财联社,negative,2025-09-21,https://demo.enterprise-risk.local/news/467/2
467,杭州市恒泰科技有限公司（示例0467）供应链回款压力上升,中国经营报,negative,2026-05-21,https://demo.enterprise-risk.local/news/467/3
467,杭州市恒泰科技有限公司（示例0467）完成新一轮融资,证券时报,neutral,2026-04-05,https://demo.enterprise-risk.local/news/467/4
468,宜昌市中科制造有限公司（示例0468）供应链回款压力上升,证券时报,negative,2024-11-11,https://demo.enterprise-risk.local/news/468/1
468,宜昌市中科制造有限公司（示例0468）签署重点合作项目,每日经济新闻,positive,2025-01-18,https://demo.enterprise-risk.local/news/468/2
468,宜昌市中科制造有限公司（示例0468）签署重点合作项目,中国经营报,neutral,2025-09-26,https://demo.enterprise-risk.local/news/468/3
469,上海市安信供应链有限公司（示例0469）签署重点合作项目,澎湃新闻,neutral,2026-04-12,https://demo.enterprise-risk.local/news/469/1
470,温州市联盛供应链有限公司（示例0470）发布年度增长计划,每日经济新闻,neutral,2025-11-18,https://demo.enterprise-risk.local/news/470/1
471,成都市华辰供应链有限公司（示例0471）供应链回款压力上升,每日经济新闻,negative,2026-04-27,https://demo.enterprise-risk.local/news/471/1
472,上海市嘉禾制造有限公司（示例0472）供应链回款压力上升,财联社,negative,2025-11-16,https://demo.enterprise-risk.local/news/472/1
472,上海市嘉禾制造有限公司（示例0472）发布年度增长计划,澎湃新闻,positive,2026-06-16,https://demo.enterprise-risk.local/news/472/2
472,上海市嘉禾制造有限公司（示例0472）主营业务持续增长,澎湃新闻,neutral,2025-05-08,https://demo.enterprise-risk.local/news/472/3
473,绵阳市安信供应链有限公司（示例0473）完成新一轮融资,澎湃新闻,neutral,2024-12-25,https://demo.enterprise-risk.local/news/473/1
473,绵阳市安信供应链有限公司（示例0473）经营波动引发市场关注,每日经济新闻,negative,2026-03-10,https://demo.enterprise-risk.local/news/473/2
473,绵阳市安信供应链有限公司（示例0473）发布年度增长计划,每日经济新闻,positive,2025-11-29,https://demo.enterprise-risk.local/news/473/3
474,北京市联盛制造有限公司（示例0474）签署重点合作项目,澎湃新闻,positive,2025-12-19,https://demo.enterprise-risk.local/news/474/1
475,成都市联盛供应链有限公司（示例0475）完成新一轮融资,中国经营报,neutral,2026-07-11,https://demo.enterprise-risk.local/news/475/1
475,成都市联盛供应链有限公司（示例0475）主营业务持续增长,财联社,neutral,2026-07-01,https://demo.enterprise-risk.local/news/475/2
475,成都市联盛供应链有限公司（示例0475）主营业务持续增长,每日经济新闻,neutral,2025-03-01,https://demo.enterprise-risk.local/news/475/3
475,成都市联盛供应链有限公司（示例0475）主营业务持续增长,财联社,neutral,2025-12-18,https://demo.enterprise-risk.local/news/475/4
476,深圳市博远信息技术有限公司（示例0476）收到行政处罚决定书,证券时报,negative,2025-09-19,https://demo.enterprise-risk.local/news/476/1
477,济南市远航供应链有限公司（示例0477）主营业务持续增长,澎湃新闻,neutral,2025-05-03,https://demo.enterprise-risk.local/news/477/1
477,济南市远航供应链有限公司（示例0477）收到行政处罚决定书,每日经济新闻,negative,2026-07-24,https://demo.enterprise-risk.local/news/477/2
478,宜昌市联盛制造有限公司（示例0478）收到行政处罚决定书,每日经济新闻,negative,2024-10-19,https://demo.enterprise-risk.local/news/478/1
479,武汉市智联供应链有限公司（示例0479）完成新一轮融资,澎湃新闻,neutral,2026-05-23,https://demo.enterprise-risk.local/news/479/1
479,武汉市智联供应链有限公司（示例0479）发布年度增长计划,澎湃新闻,neutral,2025-10-07,https://demo.enterprise-risk.local/news/479/2
480,东莞市联盛科技有限公司（示例0480）收到行政处罚决定书,每日经济新闻,negative,2025-01-15,https://demo.enterprise-risk.local/news/480/1
480,东莞市联盛科技有限公司（示例0480）供应链回款压力上升,证券时报,negative,2025-05-24,https://demo.enterprise-risk.local/news/480/2
480,东莞市联盛科技有限公司（示例0480）主营业务持续增长,中国经营报,neutral,2025-11-23,https://demo.enterprise-risk.local/news/480/3
481,北京市启明制造有限公司（示例0481）供应链回款压力上升,证券时报,negative,2025-04-13,https://demo.enterprise-risk.local/news/481/1
481,北京市启明制造有限公司（示例0481）签署重点合作项目,证券时报,neutral,2025-10-10,https://demo.enterprise-risk.local/news/481/2
481,北京市启明制造有限公司（示例0481）完成新一轮融资,财联社,positive,2026-07-15,https://demo.enterprise-risk.local/news/481/3
481,北京市启明制造有限公司（示例0481）发布年度增长计划,每日经济新闻,neutral,2026-02-01,https://demo.enterprise-risk.local/news/481/4
482,武汉市联盛制造有限公司（示例0482）完成新一轮融资,中国经营报,positive,2025-04-28,https://demo.enterprise-risk.local/news/482/1
482,武汉市联盛制造有限公司（示例0482）收到行政处罚决定书,中国经营报,negative,2024-09-08,https://demo.enterprise-risk.local/news/482/2
483,佛山市联盛信息技术有限公司（示例0483）因合同纠纷被起诉,每日经济新闻,negative,2026-01-16,https://demo.enterprise-risk.local/news/483/1
483,佛山市联盛信息技术有限公司（示例0483）完成新一轮融资,证券时报,positive,2025-05-03,https://demo.enterprise-risk.local/news/483/2
483,佛山市联盛信息技术有限公司（示例0483）完成新一轮融资,澎湃新闻,neutral,2026-04-03,https://demo.enterprise-risk.local/news/483/3
483,佛山市联盛信息技术有限公司（示例0483）完成新一轮融资,中国经营报,neutral,2025-02-21,https://demo.enterprise-risk.local/news/483/4
484,苏州市嘉禾信息技术有限公司（示例0484）发布年度增长计划,财联社,positive,2025-12-12,https://demo.enterprise-risk.local/news/484/1
484,苏州市嘉禾信息技术有限公司（示例0484）主营业务持续增长,证券时报,positive,2025-08-10,https://demo.enterprise-risk.local/news/484/2
484,苏州市嘉禾信息技术有限公司（示例0484）完成新一轮融资,财联社,positive,2026-02-23,https://demo.enterprise-risk.local/news/484/3
485,武汉市华辰信息技术有限公司（示例0485）发布年度增长计划,财联社,positive,2025-03-18,https://demo.enterprise-risk.local/news/485/1
485,武汉市华辰信息技术有限公司（示例0485）签署重点合作项目,澎湃新闻,positive,2024-12-08,https://demo.enterprise-risk.local/news/485/2
485,武汉市华辰信息技术有限公司（示例0485）发布年度增长计划,证券时报,positive,2026-06-09,https://demo.enterprise-risk.local/news/485/3
485,武汉市华辰信息技术有限公司（示例0485）收到行政处罚决定书,财联社,negative,2025-12-21,https://demo.enterprise-risk.local/news/485/4
486,绵阳市恒泰供应链有限公司（示例0486）签署重点合作项目,每日经济新闻,neutral,2026-05-03,https://demo.enterprise-risk.local/news/486/1
486,绵阳市恒泰供应链有限公司（示例0486）主营业务持续增长,证券时报,neutral,2025-06-06,https://demo.enterprise-risk.local/news/486/2
486,绵阳市恒泰供应链有限公司（示例0486）发布年度增长计划,财联社,positive,2026-06-20,https://demo.enterprise-risk.local/news/486/3
487,上海市嘉禾科技有限公司（示例0487）签署重点合作项目,证券时报,neutral,2025-05-06,https://demo.enterprise-risk.local/news/487/1
488,成都市智联制造有限公司（示例0488）发布年度增长计划,中国经营报,neutral,2025-06-20,https://demo.enterprise-risk.local/news/488/1
488,成都市智联制造有限公司（示例0488）签署重点合作项目,财联社,neutral,2026-01-31,https://demo.enterprise-risk.local/news/488/2
488,成都市智联制造有限公司（示例0488）签署重点合作项目,证券时报,neutral,2025-12-06,https://demo.enterprise-risk.local/news/488/3
488,成都市智联制造有限公司（示例0488）签署重点合作项目,每日经济新闻,positive,2024-10-11,https://demo.enterprise-risk.local/news/488/4
489,北京市启明信息技术有限公司（示例0489）完成新一轮融资,证券时报,neutral,2026-03-21,https://demo.enterprise-risk.local/news/489/1
489,北京市启明信息技术有限公司（示例0489）因合同纠纷被起诉,证券时报,negative,2024-11-05,https://demo.enterprise-risk.local/news/489/2
489,北京市启明信息技术有限公司（示例0489）因合同纠纷被起诉,中国经营报,negative,2024-08-07,https://demo.enterprise-risk.local/news/489/3
490,绵阳市博远制造有限公司（示例0490）主营业务持续增长,每日经济新闻,neutral,2025-01-13,https://demo.enterprise-risk.local/news/490/1
490,绵阳市博远制造有限公司（示例0490）签署重点合作项目,澎湃新闻,neutral,2025-12-26,https://demo.enterprise-risk.local/news/490/2
490,绵阳市博远制造有限公司（示例0490）供应链回款压力上升,每日经济新闻,negative,2025-05-28,https://demo.enterprise-risk.local/news/490/3
491,绵阳市智联信息技术有限公司（示例0491）完成新一轮融资,证券时报,neutral,2026-04-12,https://demo.enterprise-risk.local/news/491/1
492,杭州市联盛信息技术有限公司（示例0492）签署重点合作项目,每日经济新闻,positive,2025-04-25,https://demo.enterprise-risk.local/news/492/1
492,杭州市联盛信息技术有限公司（示例0492）收到行政处罚决定书,中国经营报,negative,2025-02-20,https://demo.enterprise-risk.local/news/492/2
493,武汉市启明科技有限公司（示例0493）完成新一轮融资,财联社,positive,2026-07-20,https://demo.enterprise-risk.local/news/493/1
493,武汉市启明科技有限公司（示例0493）主营业务持续增长,中国经营报,positive,2025-02-06,https://demo.enterprise-risk.local/news/493/2
494,武汉市智联信息技术有限公司（示例0494）经营波动引发市场关注,每日经济新闻,negative,2025-10-10,https://demo.enterprise-risk.local/news/494/1
494,武汉市智联信息技术有限公司（示例0494）主营业务持续增长,澎湃新闻,neutral,2026-02-03,https://demo.enterprise-risk.local/news/494/2
494,武汉市智联信息技术有限公司（示例0494）主营业务持续增长,澎湃新闻,neutral,2024-09-08,https://demo.enterprise-risk.local/news/494/3
494,武汉市智联信息技术有限公司（示例0494）主营业务持续增长,财联社,neutral,2025-09-27,https://demo.enterprise-risk.local/news/494/4
495,北京市联盛科技有限公司（示例0495）经营波动引发市场关注,中国经营报,negative,2025-12-02,https://demo.enterprise-risk.local/news/495/1
496,成都市联盛科技有限公司（示例0496）签署重点合作项目,财联社,neutral,2026-08-04,https://demo.enterprise-risk.local/news/496/1
497,东莞市安信制造有限公司（示例0497）经营波动引发市场关注,澎湃新闻,negative,2024-10-05,https://demo.enterprise-risk.local/news/497/1
497,东莞市安信制造有限公司（示例0497）收到行政处罚决定书,澎湃新闻,negative,2024-10-29,https://demo.enterprise-risk.local/news/497/2
498,杭州市安信供应链有限公司（示例0498）经营波动引发市场关注,中国经营报,negative,2025-04-17,https://demo.enterprise-risk.local/news/498/1
498,杭州市安信供应链有限公司（示例0498）经营波动引发市场关注,财联社,negative,2025-07-23,https://demo.enterprise-risk.local/news/498/2
499,绵阳市远航供应链有限公司（示例0499）发布年度增长计划,澎湃新闻,neutral,2024-09-19,https://demo.enterprise-risk.local/news/499/1
499,绵阳市远航供应链有限公司（示例0499）签署重点合作项目,证券时报,positive,2026-02-05,https://demo.enterprise-risk.local/news/499/2
500,无锡市启明科技有限公司（示例0500）主营业务持续增长,中国经营报,positive,2024-09-15,https://demo.enterprise-risk.local/news/500/1
500,无锡市启明科技有限公司（示例0500）主营业务持续增长,中国经营报,neutral,2026-05-16,https://demo.enterprise-risk.local/news/500/2
